DEVICEID,LINE_TIMESTAMP,Q,P,T
LINE3,01-10-2020 00:00:39.543,0.05,2.48,18.19
LINE3,01-10-2020 00:01:39.541,0.05,2.48,18.19
LINE3,01-10-2020 00:02:39.542,0.05,2.5,18.24
LINE3,01-10-2020 00:03:39.541,0.05,2.52,18.24
LINE3,01-10-2020 00:04:39.543,0.05,2.49,18.31
LINE3,01-10-2020 00:05:39.543,0.05,2.46,18.31
LINE3,01-10-2020 00:06:39.542,0.05,2.5,18.42
LINE3,01-10-2020 00:07:39.543,0.05,2.49,18.42
LINE3,01-10-2020 00:08:39.542,0.05,2.51,18.41
LINE3,01-10-2020 00:09:39.543,0.05,2.5,18.45
LINE3,01-10-2020 00:10:39.542,0.05,2.49,18.53
LINE3,01-10-2020 00:11:39.542,0.05,2.5,18.53
LINE3,01-10-2020 00:12:39.543,0.05,2.48,18.64
LINE3,01-10-2020 00:13:39.543,0.05,2.5,18.64
LINE3,01-10-2020 00:14:39.542,0.05,2.51,18.62
LINE3,01-10-2020 00:15:39.541,0.05,2.52,18.64
LINE3,01-10-2020 00:16:39.542,0.05,2.51,18.69
LINE3,01-10-2020 00:17:39.541,0.05,2.49,18.69
LINE3,01-10-2020 00:18:39.543,0.05,2.51,18.64
LINE3,01-10-2020 00:19:39.542,0.05,2.46,18.64
LINE3,01-10-2020 00:20:39.542,0.05,2.48,18.64
LINE3,01-10-2020 00:21:39.543,0.05,2.49,18.67
LINE3,01-10-2020 00:22:39.542,0.05,2.51,18.69
LINE3,01-10-2020 00:23:39.542,0.05,2.47,18.68
LINE3,01-10-2020 00:24:39.541,0.05,2.52,18.67
LINE3,01-10-2020 00:25:39.542,0.05,2.5,18.68
LINE3,01-10-2020 00:26:39.541,0.05,2.48,18.68
LINE3,01-10-2020 00:27:39.542,0.05,2.48,18.68
LINE3,01-10-2020 00:28:39.541,0.05,2.51,18.67
LINE3,01-10-2020 00:29:39.542,0.05,2.5,18.69
LINE3,01-10-2020 00:30:39.543,0.05,2.49,18.67
LINE3,01-10-2020 00:31:39.542,0.05,2.48,18.68
LINE3,01-10-2020 00:32:39.543,0.05,2.49,18.64
LINE3,01-10-2020 00:33:39.542,0.05,2.51,18.64
LINE3,01-10-2020 00:34:39.543,0.05,2.51,18.64
LINE3,01-10-2020 00:35:39.542,0.05,2.52,18.64
LINE3,01-10-2020 00:36:39.542,0.05,2.5,18.64
LINE3,01-10-2020 00:37:39.543,0.05,2.52,18.65
LINE3,01-10-2020 00:38:39.541,0.05,2.49,18.64
LINE3,01-10-2020 00:39:39.543,0.05,2.49,18.64
LINE3,01-10-2020 00:40:39.542,0.05,2.51,18.63
LINE3,01-10-2020 00:41:39.543,0.05,2.47,18.62
LINE3,01-10-2020 00:42:39.541,0.05,2.47,18.53
LINE3,01-10-2020 00:43:39.543,0.05,2.51,18.53
LINE3,01-10-2020 00:44:39.543,0.05,2.53,18.51
LINE3,01-10-2020 00:45:39.542,0.05,2.51,18.52
LINE3,01-10-2020 00:46:39.542,0.05,2.46,18.53
LINE3,01-10-2020 00:47:39.542,0.05,2.51,18.42
LINE3,01-10-2020 00:48:39.543,0.05,2.49,18.42
LINE3,01-10-2020 00:49:39.541,0.05,2.51,18.48
LINE3,01-10-2020 00:50:39.542,0.05,2.48,18.46
LINE3,01-10-2020 00:51:39.542,0.05,2.52,18.42
LINE3,01-10-2020 00:52:39.543,0.05,2.52,18.42
LINE3,01-10-2020 00:53:39.542,0.05,2.46,18.42
LINE3,01-10-2020 00:54:39.541,0.05,2.52,18.41
LINE3,01-10-2020 00:55:39.541,0.05,2.48,18.31
LINE3,01-10-2020 00:56:39.542,0.05,2.51,18.31
LINE3,01-10-2020 00:57:39.543,0.05,2.46,18.19
LINE3,01-10-2020 00:58:39.542,0.05,2.49,18.19
LINE3,01-10-2020 00:59:39.542,0.05,2.53,18.21
LINE3,01-10-2020 01:00:39.543,0.05,2.48,18.08
LINE3,01-10-2020 01:01:39.541,0.05,2.51,18.02
LINE3,01-10-2020 01:02:39.542,0.05,2.51,17.99
LINE3,01-10-2020 01:03:39.541,0.05,2.5,17.97
LINE3,01-10-2020 01:04:39.543,0.05,2.5,17.84
LINE3,01-10-2020 01:05:39.542,0.05,2.53,17.87
LINE3,01-10-2020 01:06:39.542,0.05,2.51,17.85
LINE3,01-10-2020 01:07:39.542,0.05,2.49,17.76
LINE3,01-10-2020 01:08:39.543,0.05,2.46,17.75
LINE3,01-10-2020 01:09:39.542,0.05,2.48,17.75
LINE3,01-10-2020 01:10:39.542,0.05,2.5,17.75
LINE3,01-10-2020 01:11:39.542,0.05,2.5,17.75
LINE3,01-10-2020 01:12:39.541,0.05,2.5,17.64
LINE3,01-10-2020 01:13:39.543,0.05,2.49,17.64
LINE3,01-10-2020 01:14:39.543,0.05,2.5,17.62
LINE3,01-10-2020 01:15:39.543,0.05,2.51,17.72
LINE3,01-10-2020 01:16:39.542,0.05,2.51,17.57
LINE3,01-10-2020 01:17:39.543,0.05,2.5,17.64
LINE3,01-10-2020 01:18:39.542,0.05,2.51,17.63
LINE3,01-10-2020 01:19:39.542,0.05,2.54,17.54
LINE3,01-10-2020 01:20:39.543,0.05,2.51,17.53
LINE3,01-10-2020 01:21:39.542,0.05,2.48,17.53
LINE3,01-10-2020 01:22:39.543,0.05,2.51,17.54
LINE3,01-10-2020 01:23:39.543,0.05,2.49,17.53
LINE3,01-10-2020 01:24:39.542,0.05,2.51,17.43
LINE3,01-10-2020 01:25:39.542,0.05,2.51,17.44
LINE3,01-10-2020 01:26:39.541,0.05,2.5,17.5
LINE3,01-10-2020 01:27:39.542,0.05,2.51,17.44
LINE3,01-10-2020 01:28:39.542,0.05,2.51,17.41
LINE3,01-10-2020 01:29:39.543,0.05,2.51,17.41
LINE3,01-10-2020 01:30:39.543,0.05,2.49,17.37
LINE3,01-10-2020 01:31:39.542,0.05,2.48,17.37
LINE3,01-10-2020 01:32:39.543,0.05,2.49,17.36
LINE3,01-10-2020 01:33:39.541,0.05,2.51,17.32
LINE3,01-10-2020 01:34:39.543,0.05,2.5,17.37
LINE3,01-10-2020 01:35:39.542,0.05,2.49,17.42
LINE3,01-10-2020 01:36:39.542,0.05,2.51,17.53
LINE3,01-10-2020 01:37:39.542,0.05,2.49,17.54
LINE3,01-10-2020 01:38:39.543,0.05,2.5,17.54
LINE3,01-10-2020 01:39:39.542,0.05,2.47,17.52
LINE3,01-10-2020 01:40:39.541,0.05,2.49,17.58
LINE3,01-10-2020 01:41:39.542,0.05,2.49,17.65
LINE3,01-10-2020 01:42:39.541,0.05,2.51,17.74
LINE3,01-10-2020 01:43:39.543,0.05,2.51,17.75
LINE3,01-10-2020 01:44:39.542,0.05,2.5,17.75
LINE3,01-10-2020 01:45:39.542,0.05,2.5,17.75
LINE3,01-10-2020 01:46:39.543,0.05,2.5,17.8
LINE3,01-10-2020 01:47:39.543,0.05,2.51,17.86
LINE3,01-10-2020 01:48:39.543,0.05,2.49,17.86
LINE3,01-10-2020 01:49:39.541,0.05,2.49,17.97
LINE3,01-10-2020 01:50:39.543,0.05,2.51,17.98
LINE3,01-10-2020 01:51:39.541,0.05,2.51,18.04
LINE3,01-10-2020 01:52:39.542,0.05,2.5,17.98
LINE3,01-10-2020 01:53:39.542,0.05,2.48,18.06
LINE3,01-10-2020 01:54:39.542,0.05,2.51,18.04
LINE3,01-10-2020 01:55:39.542,0.05,2.5,18.2
LINE3,01-10-2020 01:56:39.542,0.05,2.48,18.21
LINE3,01-10-2020 01:57:39.543,0.05,2.51,18.19
LINE3,01-10-2020 01:58:39.542,0.05,2.5,18.19
LINE3,01-10-2020 01:59:39.543,0.05,2.51,18.19
LINE3,01-10-2020 02:00:39.541,0.05,2.49,18.31
LINE3,01-10-2020 02:01:39.543,0.05,2.53,18.3
LINE3,01-10-2020 02:02:39.541,0.05,2.5,18.41
LINE3,01-10-2020 02:03:39.542,0.05,2.48,18.41
LINE3,01-10-2020 02:04:39.542,0.05,2.51,18.42
LINE3,01-10-2020 02:05:39.541,0.05,2.49,18.41
LINE3,01-10-2020 02:06:39.543,0.05,2.5,18.45
LINE3,01-10-2020 02:07:39.542,0.05,2.51,18.51
LINE3,01-10-2020 02:08:39.543,0.05,2.51,18.62
LINE3,01-10-2020 02:09:39.542,0.05,2.5,18.63
LINE3,01-10-2020 02:10:39.542,0.05,2.5,18.59
LINE3,01-10-2020 02:11:39.543,0.05,2.52,18.64
LINE3,01-10-2020 02:12:39.542,0.05,2.48,18.63
LINE3,01-10-2020 02:13:39.543,0.05,2.51,18.64
LINE3,01-10-2020 02:14:39.542,0.05,2.51,18.64
LINE3,01-10-2020 02:15:39.557,0.05,2.52,18.69
LINE3,01-10-2020 02:16:39.542,0.05,2.51,18.69
LINE3,01-10-2020 02:17:39.542,0.05,2.49,18.73
LINE3,01-10-2020 02:18:39.543,0.05,2.49,18.68
LINE3,01-10-2020 02:19:39.542,0.05,2.48,18.73
LINE3,01-10-2020 02:20:39.542,0.05,2.51,18.75
LINE3,01-10-2020 02:21:39.542,0.05,2.51,18.73
LINE3,01-10-2020 02:22:39.543,0.05,2.52,18.75
LINE3,01-10-2020 02:23:39.542,0.05,2.51,18.75
LINE3,01-10-2020 02:24:39.542,0.05,2.51,18.73
LINE3,01-10-2020 02:25:39.542,0.05,2.5,18.73
LINE3,01-10-2020 02:26:39.543,0.05,2.49,18.74
LINE3,01-10-2020 02:27:39.543,0.05,2.52,18.73
LINE3,01-10-2020 02:28:39.542,0.05,2.49,18.73
LINE3,01-10-2020 02:29:39.542,0.05,2.5,18.75
LINE3,01-10-2020 02:30:39.542,0.05,2.49,18.74
LINE3,01-10-2020 02:31:39.542,0.05,2.51,18.74
LINE3,01-10-2020 02:32:39.542,0.05,2.49,18.67
LINE3,01-10-2020 02:33:39.543,0.05,2.48,18.63
LINE3,01-10-2020 02:34:39.542,0.05,2.48,18.69
LINE3,01-10-2020 02:35:39.541,0.05,2.47,18.64
LINE3,01-10-2020 02:36:39.543,0.05,2.51,18.69
LINE3,01-10-2020 02:37:39.541,0.05,2.47,18.62
LINE3,01-10-2020 02:38:39.543,0.05,2.49,18.64
LINE3,01-10-2020 02:39:39.542,0.05,2.52,18.64
LINE3,01-10-2020 02:40:39.543,0.05,2.49,18.64
LINE3,01-10-2020 02:41:39.543,0.05,2.51,18.65
LINE3,01-10-2020 02:42:39.542,0.05,2.49,18.63
LINE3,01-10-2020 02:43:39.542,0.05,2.54,18.62
LINE3,01-10-2020 02:44:39.542,0.05,2.51,18.51
LINE3,01-10-2020 02:45:39.542,0.05,2.48,18.52
LINE3,01-10-2020 02:46:39.542,0.05,2.49,18.52
LINE3,01-10-2020 02:47:39.542,0.05,2.48,18.53
LINE3,01-10-2020 02:48:39.542,0.05,2.49,18.41
LINE3,01-10-2020 02:49:39.543,0.05,2.51,18.42
LINE3,01-10-2020 02:50:39.542,0.05,2.52,18.46
LINE3,01-10-2020 02:51:39.542,0.05,2.5,18.43
LINE3,01-10-2020 02:52:39.542,0.05,2.49,18.41
LINE3,01-10-2020 02:53:39.542,0.05,2.53,18.4
LINE3,01-10-2020 02:54:39.543,0.05,2.48,18.43
LINE3,01-10-2020 02:55:39.542,0.05,2.53,18.41
LINE3,01-10-2020 02:56:39.542,0.05,2.49,18.29
LINE3,01-10-2020 02:57:39.543,0.05,2.53,18.24
LINE3,01-10-2020 02:58:39.543,0.05,2.51,18.3
LINE3,01-10-2020 02:59:39.542,0.05,2.51,18.26
LINE3,01-10-2020 03:00:39.542,0.05,2.49,18.21
LINE3,01-10-2020 03:01:39.543,0.05,2.5,18.21
LINE3,01-10-2020 03:02:39.542,0.05,2.51,18.24
LINE3,01-10-2020 03:03:39.543,0.05,2.51,18.19
LINE3,01-10-2020 03:04:39.543,0.05,2.54,18.19
LINE3,01-10-2020 03:05:39.543,0.05,2.49,18.18
LINE3,01-10-2020 03:06:39.542,0.05,2.44,18.16
LINE3,01-10-2020 03:07:39.542,0.05,2.48,18.1
LINE3,01-10-2020 03:08:39.543,0.05,2.51,18.08
LINE3,01-10-2020 03:09:39.541,0.05,2.5,18.1
LINE3,01-10-2020 03:10:39.543,0.05,2.51,17.99
LINE3,01-10-2020 03:11:39.542,0.05,2.49,17.99
LINE3,01-10-2020 03:12:39.543,0.05,2.5,18.03
LINE3,01-10-2020 03:13:39.542,0.05,2.49,17.99
LINE3,01-10-2020 03:14:39.541,0.05,2.52,17.99
LINE3,01-10-2020 03:15:39.542,0.05,2.52,17.97
LINE3,01-10-2020 03:16:39.542,0.05,2.52,17.99
LINE3,01-10-2020 03:17:29.645,,,17.75
LINE3,01-10-2020 03:17:39.543,0.05,2.49,17.78
LINE3,01-10-2020 03:18:39.541,0.05,2.49,17.82
LINE3,01-10-2020 03:19:39.542,0.05,2.51,17.79
LINE3,01-10-2020 03:20:39.543,0.05,2.5,17.75
LINE3,01-10-2020 03:21:39.543,0.05,2.51,17.76
LINE3,01-10-2020 03:22:39.543,0.05,2.49,17.75
LINE3,01-10-2020 03:23:39.542,0.05,2.53,17.74
LINE3,01-10-2020 03:24:39.543,0.05,2.49,17.74
LINE3,01-10-2020 03:25:39.542,0.05,2.51,17.74
LINE3,01-10-2020 03:26:39.542,0.05,2.49,17.75
LINE3,01-10-2020 03:27:39.543,0.05,2.49,17.64
LINE3,01-10-2020 03:28:39.542,0.05,2.49,17.64
LINE3,01-10-2020 03:29:39.542,0.05,2.51,17.58
LINE3,01-10-2020 03:30:39.543,0.05,2.49,17.54
LINE3,01-10-2020 03:31:39.542,0.05,2.48,17.53
LINE3,01-10-2020 03:32:39.542,0.05,2.52,17.53
LINE3,01-10-2020 03:33:39.543,0.05,2.49,17.52
LINE3,01-10-2020 03:34:39.541,0.05,2.51,17.53
LINE3,01-10-2020 03:35:39.543,0.05,2.52,17.55
LINE3,01-10-2020 03:36:39.542,0.05,2.52,17.52
LINE3,01-10-2020 03:37:39.542,0.05,2.5,17.53
LINE3,01-10-2020 03:38:39.543,0.05,2.5,17.41
LINE3,01-10-2020 03:39:39.542,0.05,2.49,17.42
LINE3,01-10-2020 03:40:39.543,0.05,2.51,17.36
LINE3,01-10-2020 03:41:39.542,0.05,2.46,17.36
LINE3,01-10-2020 03:42:39.542,0.05,2.52,17.32
LINE3,01-10-2020 03:43:39.542,0.05,2.49,17.31
LINE3,01-10-2020 03:44:39.542,0.05,2.51,17.15
LINE3,01-10-2020 03:45:39.543,0.05,2.48,17.2
LINE3,01-10-2020 03:46:39.541,0.05,2.52,17.32
LINE3,01-10-2020 03:47:39.542,0.05,2.54,17.32
LINE3,01-10-2020 03:48:39.542,0.05,2.52,17.35
LINE3,01-10-2020 03:49:39.543,0.05,2.48,17.37
LINE3,01-10-2020 03:50:39.542,0.05,2.51,17.42
LINE3,01-10-2020 03:51:39.543,0.05,2.51,17.53
LINE3,01-10-2020 03:52:39.543,0.05,2.54,17.53
LINE3,01-10-2020 03:53:39.541,0.05,2.48,17.57
LINE3,01-10-2020 03:54:39.542,0.05,2.5,17.58
LINE3,01-10-2020 03:55:39.541,0.05,2.49,17.59
LINE3,01-10-2020 03:56:39.543,0.05,2.48,17.59
LINE3,01-10-2020 03:57:39.542,0.05,2.5,17.73
LINE3,01-10-2020 03:58:39.542,0.05,2.48,17.7
LINE3,01-10-2020 03:59:39.543,0.05,2.51,17.75
LINE3,01-10-2020 04:00:39.543,0.05,2.5,17.75
LINE3,01-10-2020 04:01:39.543,0.05,2.51,17.79
LINE3,01-10-2020 04:02:39.542,0.05,2.53,17.86
LINE3,01-10-2020 04:03:39.543,0.05,2.51,17.97
LINE3,01-10-2020 04:04:39.542,0.05,2.51,17.97
LINE3,01-10-2020 04:05:39.542,0.05,2.51,17.97
LINE3,01-10-2020 04:06:39.543,0.05,2.5,17.98
LINE3,01-10-2020 04:07:39.542,0.05,2.48,18.09
LINE3,01-10-2020 04:08:39.542,0.05,2.54,18.04
LINE3,01-10-2020 04:09:39.541,0.05,2.51,18.08
LINE3,01-10-2020 04:10:39.543,0.05,2.48,18.19
LINE3,01-10-2020 04:11:39.542,0.05,2.47,18.24
LINE3,01-10-2020 04:12:39.543,0.05,2.51,18.21
LINE3,01-10-2020 04:13:39.542,0.05,2.51,18.24
LINE3,01-10-2020 04:14:39.542,0.05,2.51,18.2
LINE3,01-10-2020 04:15:39.542,0.05,2.48,18.21
LINE3,01-10-2020 04:16:39.541,0.05,2.48,18.21
LINE3,01-10-2020 04:17:39.542,0.05,2.47,18.19
LINE3,01-10-2020 04:18:39.541,0.05,2.51,18.22
LINE3,01-10-2020 04:19:39.543,0.05,2.52,18.25
LINE3,01-10-2020 04:20:39.541,0.05,2.52,18.19
LINE3,01-10-2020 04:21:39.542,0.05,2.5,18.3
LINE3,01-10-2020 04:22:39.542,0.05,2.52,18.24
LINE3,01-10-2020 04:23:39.543,0.05,2.52,18.25
LINE3,01-10-2020 04:24:39.542,0.05,2.51,18.41
LINE3,01-10-2020 04:25:39.542,0.05,2.51,18.4
LINE3,01-10-2020 04:26:39.542,0.05,2.5,18.4
LINE3,01-10-2020 04:27:39.541,0.05,2.51,18.48
LINE3,01-10-2020 04:28:39.543,0.05,2.49,18.49
LINE3,01-10-2020 04:29:39.541,0.05,2.54,18.48
LINE3,01-10-2020 04:30:39.542,0.05,2.52,18.47
LINE3,01-10-2020 04:31:39.543,0.05,2.48,18.63
LINE3,01-10-2020 04:32:39.542,0.05,2.5,18.63
LINE3,01-10-2020 04:33:39.543,0.05,2.5,18.63
LINE3,01-10-2020 04:34:39.542,0.05,2.53,18.64
LINE3,01-10-2020 04:35:39.543,0.05,2.51,18.62
LINE3,01-10-2020 04:36:39.542,0.05,2.47,18.62
LINE3,01-10-2020 04:37:39.543,0.05,2.53,18.63
LINE3,01-10-2020 04:38:39.542,0.05,2.49,18.62
LINE3,01-10-2020 04:39:39.542,0.05,2.48,18.64
LINE3,01-10-2020 04:40:39.543,0.05,2.48,18.64
LINE3,01-10-2020 04:41:39.542,0.05,2.52,18.69
LINE3,01-10-2020 04:42:39.542,0.05,2.48,18.62
LINE3,01-10-2020 04:43:39.542,0.05,2.55,18.69
LINE3,01-10-2020 04:44:39.543,0.05,2.51,18.62
LINE3,01-10-2020 04:45:39.542,0.05,2.49,18.69
LINE3,01-10-2020 04:46:39.543,0.05,2.49,18.68
LINE3,01-10-2020 04:47:39.543,0.05,2.49,18.67
LINE3,01-10-2020 04:48:39.542,0.05,2.54,18.68
LINE3,01-10-2020 04:49:39.543,0.05,2.49,18.68
LINE3,01-10-2020 04:50:39.542,0.05,2.52,18.69
LINE3,01-10-2020 04:51:39.542,0.05,2.51,18.7
LINE3,01-10-2020 04:52:39.541,0.05,2.49,18.7
LINE3,01-10-2020 04:53:39.542,0.05,2.47,18.68
LINE3,01-10-2020 04:54:39.542,0.05,2.51,18.69
LINE3,01-10-2020 04:55:39.542,0.05,2.51,18.62
LINE3,01-10-2020 04:56:39.543,0.05,2.49,18.68
LINE3,01-10-2020 04:57:39.542,0.05,2.49,18.65
LINE3,01-10-2020 04:58:39.542,0.05,2.46,18.69
LINE3,01-10-2020 04:59:39.542,0.05,2.5,18.63
LINE3,01-10-2020 05:00:39.543,0.05,2.51,18.69
LINE3,01-10-2020 05:01:39.543,0.05,2.49,18.62
LINE3,01-10-2020 05:02:39.543,0.05,2.5,18.62
LINE3,01-10-2020 05:03:39.543,0.05,2.48,18.64
LINE3,01-10-2020 05:04:39.541,0.05,2.52,18.64
LINE3,01-10-2020 05:05:39.542,0.05,2.53,18.64
LINE3,01-10-2020 05:06:39.541,0.05,2.48,18.64
LINE3,01-10-2020 05:07:39.542,0.05,2.46,18.53
LINE3,01-10-2020 05:08:39.541,0.05,2.5,18.53
LINE3,01-10-2020 05:09:39.542,0.05,2.51,18.53
LINE3,01-10-2020 05:10:39.543,0.05,2.51,18.52
LINE3,01-10-2020 05:11:39.542,0.05,2.52,18.51
LINE3,01-10-2020 05:12:39.543,0.05,2.48,18.51
LINE3,01-10-2020 05:13:39.541,0.05,2.47,18.46
LINE3,01-10-2020 05:14:39.542,0.05,2.51,18.42
LINE3,01-10-2020 05:15:39.542,0.05,2.49,18.42
LINE3,01-10-2020 05:16:39.542,0.05,2.51,18.42
LINE3,01-10-2020 05:17:39.543,0.05,2.49,18.42
LINE3,01-10-2020 05:18:39.543,0.05,2.5,18.42
LINE3,01-10-2020 05:19:39.543,0.05,2.49,18.41
LINE3,01-10-2020 05:20:39.541,0.05,2.5,18.43
LINE3,01-10-2020 05:21:39.543,0.05,2.49,18.41
LINE3,01-10-2020 05:22:39.541,0.05,2.5,18.32
LINE3,01-10-2020 05:23:39.542,0.05,2.51,18.31
LINE3,01-10-2020 05:24:39.542,0.05,2.51,18.31
LINE3,01-10-2020 05:25:39.542,0.05,2.49,18.3
LINE3,01-10-2020 05:26:39.543,0.05,2.5,18.32
LINE3,01-10-2020 05:27:39.541,0.05,2.52,18.31
LINE3,01-10-2020 05:28:39.542,0.05,2.49,18.32
LINE3,01-10-2020 05:29:39.542,0.05,2.51,18.26
LINE3,01-10-2020 05:30:39.542,0.05,2.47,18.2
LINE3,01-10-2020 05:31:39.541,0.05,2.51,18.18
LINE3,01-10-2020 05:32:39.542,0.05,2.49,18.19
LINE3,01-10-2020 05:33:39.542,0.05,2.51,18.19
LINE3,01-10-2020 05:34:39.543,0.05,2.5,18.08
LINE3,01-10-2020 05:35:39.543,0.05,2.51,18.1
LINE3,01-10-2020 05:36:39.542,0.05,2.48,18.05
LINE3,01-10-2020 05:37:39.542,0.05,2.51,18.05
LINE3,01-10-2020 05:38:39.541,0.05,2.48,18.02
LINE3,01-10-2020 05:39:39.543,0.05,2.51,17.97
LINE3,01-10-2020 05:40:39.543,0.05,2.49,17.99
LINE3,01-10-2020 05:41:39.542,0.05,2.48,17.99
LINE3,01-10-2020 05:42:39.543,0.05,2.51,17.98
LINE3,01-10-2020 05:43:39.541,0.05,2.49,17.98
LINE3,01-10-2020 05:44:39.542,0.05,2.48,17.82
LINE3,01-10-2020 05:45:39.541,0.05,2.54,17.87
LINE3,01-10-2020 05:46:39.543,0.05,2.49,17.87
LINE3,01-10-2020 05:47:39.542,0.05,2.47,17.86
LINE3,01-10-2020 05:48:39.543,0.05,2.48,17.79
LINE3,01-10-2020 05:49:39.542,0.05,2.5,17.85
LINE3,01-10-2020 05:50:39.541,0.04,2.5,17.86
LINE3,01-10-2020 05:51:39.542,0.04,2.5,17.74
LINE3,01-10-2020 05:52:39.541,0.04,2.51,17.75
LINE3,01-10-2020 05:53:39.543,0.04,2.47,17.76
LINE3,01-10-2020 05:54:39.542,0.04,2.48,17.76
LINE3,01-10-2020 05:55:39.542,0.04,2.49,17.64
LINE3,01-10-2020 05:56:39.543,0.04,2.51,17.66
LINE3,01-10-2020 05:57:39.543,0.04,2.46,17.64
LINE3,01-10-2020 05:58:39.543,0.04,2.49,17.65
LINE3,01-10-2020 05:59:39.541,0.04,2.51,17.63
LINE3,01-10-2020 06:00:39.542,0.04,2.49,17.57
LINE3,01-10-2020 06:01:39.542,0.04,2.51,17.57
LINE3,01-10-2020 06:02:39.543,0.04,2.53,17.58
LINE3,01-10-2020 06:03:39.542,0.04,2.52,17.52
LINE3,01-10-2020 06:04:39.543,0.04,2.5,17.55
LINE3,01-10-2020 06:05:39.542,0.04,2.48,17.57
LINE3,01-10-2020 06:06:39.542,0.04,2.48,17.53
LINE3,01-10-2020 06:07:39.543,0.04,2.48,17.53
LINE3,01-10-2020 06:08:39.541,0.04,2.51,17.37
LINE3,01-10-2020 06:09:39.543,0.04,2.48,17.42
LINE3,01-10-2020 06:10:39.542,0.04,2.53,17.41
LINE3,01-10-2020 06:11:39.542,0.04,2.45,17.3
LINE3,01-10-2020 06:12:39.543,0.04,2.49,17.42
LINE3,01-10-2020 06:13:39.542,0.04,2.49,17.31
LINE3,01-10-2020 06:14:39.543,0.04,2.51,17.29
LINE3,01-10-2020 06:15:39.541,0.04,2.49,17.2
LINE3,01-10-2020 06:16:39.543,0.04,2.48,17.21
LINE3,01-10-2020 06:17:39.541,0.04,2.52,17.15
LINE3,01-10-2020 06:18:27.126,,,17.35
LINE3,01-10-2020 06:18:39.542,0.04,2.49,17.31
LINE3,01-10-2020 06:19:39.543,0.04,2.51,17.32
LINE3,01-10-2020 06:20:39.543,0.04,2.48,17.37
LINE3,01-10-2020 06:21:39.542,0.04,2.51,17.42
LINE3,01-10-2020 06:22:39.542,0.04,2.52,17.53
LINE3,01-10-2020 06:23:39.542,0.04,2.49,17.54
LINE3,01-10-2020 06:24:39.542,0.04,2.49,17.54
LINE3,01-10-2020 06:25:39.542,0.04,2.47,17.54
LINE3,01-10-2020 06:26:39.542,0.04,2.52,17.54
LINE3,01-10-2020 06:27:39.543,0.04,2.48,17.57
LINE3,01-10-2020 06:28:39.543,0.04,2.51,17.73
LINE3,01-10-2020 06:29:39.542,0.04,2.49,17.75
LINE3,01-10-2020 06:30:39.542,0.04,2.52,17.63
LINE3,01-10-2020 06:31:39.542,0.04,2.51,17.74
LINE3,01-10-2020 06:32:39.543,0.04,2.51,17.82
LINE3,01-10-2020 06:33:39.541,0.04,2.51,17.86
LINE3,01-10-2020 06:34:39.542,0.04,2.51,17.84
LINE3,01-10-2020 06:35:39.542,0.05,2.53,17.99
LINE3,01-10-2020 06:36:39.542,0.05,2.49,17.99
LINE3,01-10-2020 06:37:39.542,0.05,2.5,17.99
LINE3,01-10-2020 06:38:39.542,0.05,2.5,17.98
LINE3,01-10-2020 06:39:39.542,0.05,2.51,18.06
LINE3,01-10-2020 06:40:39.541,0.05,2.5,18.08
LINE3,01-10-2020 06:41:39.542,0.05,2.51,18.19
LINE3,01-10-2020 06:42:39.541,0.05,2.55,18.21
LINE3,01-10-2020 06:43:39.543,0.05,2.48,18.22
LINE3,01-10-2020 06:44:39.543,0.05,2.51,18.2
LINE3,01-10-2020 06:45:39.541,0.05,2.5,18.25
LINE3,01-10-2020 06:46:39.542,0.05,2.51,18.25
LINE3,01-10-2020 06:47:39.541,0.05,2.52,18.29
LINE3,01-10-2020 06:48:39.542,0.05,2.5,18.4
LINE3,01-10-2020 06:49:39.541,0.05,2.51,18.42
LINE3,01-10-2020 06:50:39.543,0.05,2.49,18.42
LINE3,01-10-2020 06:51:39.542,0.05,2.49,18.43
LINE3,01-10-2020 06:52:39.542,0.05,2.53,18.48
LINE3,01-10-2020 06:53:39.543,0.05,2.46,18.52
LINE3,01-10-2020 06:54:39.542,0.05,2.5,18.63
LINE3,01-10-2020 06:55:39.543,0.05,2.49,18.62
LINE3,01-10-2020 06:56:39.542,0.05,2.55,18.64
LINE3,01-10-2020 06:57:39.543,0.05,2.48,18.64
LINE3,01-10-2020 06:58:39.543,0.05,2.47,18.63
LINE3,01-10-2020 06:59:39.542,0.05,2.52,18.69
LINE3,01-10-2020 07:00:39.574,0.05,2.49,18.68
LINE3,01-10-2020 07:01:39.541,0.05,2.5,18.69
LINE3,01-10-2020 07:02:39.542,0.05,2.48,18.75
LINE3,01-10-2020 07:03:39.541,0.05,2.49,18.86
LINE3,01-10-2020 07:04:39.543,0.05,2.5,18.84
LINE3,01-10-2020 07:05:39.541,0.05,2.51,18.84
LINE3,01-10-2020 07:06:39.543,0.05,2.51,18.86
LINE3,01-10-2020 07:07:39.542,0.05,2.48,18.86
LINE3,01-10-2020 07:08:39.541,0.05,2.53,18.84
LINE3,01-10-2020 07:09:39.542,0.05,2.51,18.84
LINE3,01-10-2020 07:10:39.541,0.05,2.54,18.86
LINE3,01-10-2020 07:11:39.543,0.05,2.52,18.86
LINE3,01-10-2020 07:12:39.541,0.05,2.45,18.91
LINE3,01-10-2020 07:13:39.542,0.05,2.51,18.89
LINE3,01-10-2020 07:14:39.542,0.05,2.5,18.85
LINE3,01-10-2020 07:15:39.542,0.05,2.51,18.9
LINE3,01-10-2020 07:16:39.543,0.05,2.51,18.86
LINE3,01-10-2020 07:17:39.542,0.05,2.53,18.86
LINE3,01-10-2020 07:18:39.542,0.05,2.49,18.85
LINE3,01-10-2020 07:19:39.542,0.05,2.5,18.85
LINE3,01-10-2020 07:20:39.543,0.05,2.51,18.84
LINE3,01-10-2020 07:21:39.541,0.05,2.49,18.86
LINE3,01-10-2020 07:22:39.542,0.05,2.51,18.84
LINE3,01-10-2020 07:23:39.543,0.05,2.5,18.86
LINE3,01-10-2020 07:24:39.541,0.05,2.53,18.74
LINE3,01-10-2020 07:25:39.543,0.05,2.54,18.75
LINE3,01-10-2020 07:26:39.542,0.05,2.47,18.74
LINE3,01-10-2020 07:27:39.542,0.05,2.49,18.74
LINE3,01-10-2020 07:28:39.541,0.05,2.52,18.73
LINE3,01-10-2020 07:29:39.542,0.05,2.49,18.7
LINE3,01-10-2020 07:30:39.543,0.05,2.51,18.64
LINE3,01-10-2020 07:31:39.542,0.05,2.54,18.64
LINE3,01-10-2020 07:32:39.542,0.05,2.49,18.69
LINE3,01-10-2020 07:33:39.542,0.05,2.49,18.62
LINE3,01-10-2020 07:34:39.543,0.05,2.5,18.64
LINE3,01-10-2020 07:35:39.542,0.05,2.5,18.64
LINE3,01-10-2020 07:36:39.543,0.05,2.49,18.64
LINE3,01-10-2020 07:37:39.543,0.05,2.5,18.53
LINE3,01-10-2020 07:38:39.542,0.05,2.52,18.48
LINE3,01-10-2020 07:39:39.542,0.05,2.52,18.42
LINE3,01-10-2020 07:40:39.541,0.05,2.51,18.4
LINE3,01-10-2020 07:41:39.538,0.05,2.5,18.31
LINE3,01-10-2020 07:42:39.439,0.05,2.54,18.18
LINE3,01-10-2020 07:43:40.340,0.05,2.5,18.26
LINE3,01-10-2020 07:44:40.241,0.05,2.51,18.2
LINE3,01-10-2020 07:45:40.143,0.05,2.5,18.21
LINE3,01-10-2020 07:46:40.048,0.05,2.46,18.09
LINE3,01-10-2020 07:47:40.013,0.05,2.5,18.08
LINE3,01-10-2020 07:48:39.977,0.05,2.49,18.07
LINE3,01-10-2020 07:49:39.943,0.05,2.48,18.04
LINE3,01-10-2020 07:50:39.908,0.05,2.5,18.02
LINE3,01-10-2020 07:51:39.873,0.05,2.48,17.99
LINE3,01-10-2020 07:52:39.861,0.05,2.48,17.99
LINE3,01-10-2020 07:53:39.847,0.05,2.49,17.98
LINE3,01-10-2020 07:54:39.836,0.05,2.5,17.99
LINE3,01-10-2020 07:55:39.822,0.05,2.47,17.99
LINE3,01-10-2020 07:56:39.810,0.05,2.47,17.96
LINE3,01-10-2020 07:57:39.807,0.05,2.47,17.97
LINE3,01-10-2020 07:58:39.801,0.05,2.51,17.87
LINE3,01-10-2020 07:59:39.797,0.05,2.48,17.86
LINE3,01-10-2020 08:00:39.791,0.05,2.51,17.84
LINE3,01-10-2020 08:01:39.788,0.05,2.49,17.79
LINE3,01-10-2020 08:02:39.786,0.05,2.49,17.75
LINE3,01-10-2020 08:03:39.784,0.05,2.52,17.76
LINE3,01-10-2020 08:04:39.784,0.05,2.5,17.75
LINE3,01-10-2020 08:05:39.782,0.05,2.54,17.75
LINE3,01-10-2020 08:06:39.780,0.05,2.48,17.74
LINE3,01-10-2020 08:07:39.778,0.05,2.55,17.68
LINE3,01-10-2020 08:08:39.778,0.05,2.5,17.64
LINE3,01-10-2020 08:09:39.778,0.05,2.51,17.74
LINE3,01-10-2020 08:10:39.777,0.05,2.5,17.65
LINE3,01-10-2020 08:11:39.777,0.05,2.51,17.57
LINE3,01-10-2020 08:12:39.775,0.05,2.5,17.65
LINE3,01-10-2020 08:13:39.776,0.05,2.5,17.58
LINE3,01-10-2020 08:14:39.776,0.05,2.51,17.54
LINE3,01-10-2020 08:15:39.777,0.05,2.5,17.53
LINE3,01-10-2020 08:16:39.776,0.05,2.5,17.52
LINE3,01-10-2020 08:17:39.776,0.05,2.51,17.53
LINE3,01-10-2020 08:18:39.776,0.05,2.51,17.54
LINE3,01-10-2020 08:19:39.776,0.05,2.5,17.54
LINE3,01-10-2020 08:20:39.776,0.05,2.48,17.54
LINE3,01-10-2020 08:21:39.776,0.05,2.5,17.53
LINE3,01-10-2020 08:22:39.776,0.05,2.45,17.42
LINE3,01-10-2020 08:23:39.775,0.05,2.5,17.42
LINE3,01-10-2020 08:24:39.777,0.05,2.49,17.36
LINE3,01-10-2020 08:25:39.777,0.05,2.49,17.37
LINE3,01-10-2020 08:26:39.777,0.05,2.48,17.3
LINE3,01-10-2020 08:27:39.777,0.05,2.52,17.32
LINE3,01-10-2020 08:28:39.776,0.05,2.51,17.23
LINE3,01-10-2020 08:29:39.776,0.04,2.48,17.19
LINE3,01-10-2020 08:30:39.776,0.04,2.51,17.16
LINE3,01-10-2020 08:31:39.777,0.04,2.49,17.15
LINE3,01-10-2020 08:32:39.775,0.04,2.52,17.19
LINE3,01-10-2020 08:33:39.776,0.05,2.5,17.32
LINE3,01-10-2020 08:34:39.776,0.05,2.54,17.32
LINE3,01-10-2020 08:35:39.776,0.05,2.5,17.32
LINE3,01-10-2020 08:36:39.776,0.05,2.48,17.37
LINE3,01-10-2020 08:37:39.776,0.05,2.49,17.42
LINE3,01-10-2020 08:38:39.776,0.05,2.49,17.49
LINE3,01-10-2020 08:39:39.776,0.05,2.49,17.46
LINE3,01-10-2020 08:40:39.776,0.05,2.51,17.53
LINE3,01-10-2020 08:41:39.776,0.05,2.5,17.55
LINE3,01-10-2020 08:42:39.777,0.05,2.5,17.53
LINE3,01-10-2020 08:43:39.777,0.05,2.51,17.64
LINE3,01-10-2020 08:44:39.775,0.05,2.51,17.74
LINE3,01-10-2020 08:45:39.776,0.05,2.51,17.65
LINE3,01-10-2020 08:46:39.775,0.05,2.51,17.75
LINE3,01-10-2020 08:47:39.777,0.05,2.48,17.75
LINE3,01-10-2020 08:48:39.777,0.05,2.52,17.82
LINE3,01-10-2020 08:49:39.777,0.05,2.5,17.86
LINE3,01-10-2020 08:50:39.777,0.05,2.49,17.8
LINE3,01-10-2020 08:51:39.775,0.05,2.51,17.97
LINE3,01-10-2020 08:52:39.777,0.05,2.49,17.99
LINE3,01-10-2020 08:53:39.775,0.05,2.51,18.04
LINE3,01-10-2020 08:54:39.777,0.05,2.52,17.99
LINE3,01-10-2020 08:55:39.776,0.05,2.52,18.08
LINE3,01-10-2020 08:56:39.777,0.05,2.51,18.09
LINE3,01-10-2020 08:57:39.776,0.05,2.45,18.19
LINE3,01-10-2020 08:58:39.775,0.05,2.5,18.18
LINE3,01-10-2020 08:59:39.777,0.05,2.49,18.19
LINE3,01-10-2020 09:00:39.776,0.05,2.51,18.19
LINE3,01-10-2020 09:01:39.777,0.05,2.51,18.18
LINE3,01-10-2020 09:02:39.776,0.05,2.52,18.24
LINE3,01-10-2020 09:03:39.776,0.05,2.51,18.31
LINE3,01-10-2020 09:04:39.776,0.05,2.46,18.4
LINE3,01-10-2020 09:05:39.776,0.05,2.53,18.41
LINE3,01-10-2020 09:06:39.776,0.05,2.48,18.46
LINE3,01-10-2020 09:07:39.776,0.05,2.49,18.46
LINE3,01-10-2020 09:08:39.776,0.05,2.51,18.47
LINE3,01-10-2020 09:09:39.776,0.05,2.51,18.51
LINE3,01-10-2020 09:10:39.776,0.05,2.52,18.51
LINE3,01-10-2020 09:11:39.776,0.05,2.51,18.63
LINE3,01-10-2020 09:12:39.776,0.05,2.49,18.62
LINE3,01-10-2020 09:13:39.777,0.05,2.54,18.62
LINE3,01-10-2020 09:14:39.776,0.05,2.53,18.62
LINE3,01-10-2020 09:15:39.777,0.05,2.5,18.62
LINE3,01-10-2020 09:16:39.776,0.05,2.51,18.68
LINE3,01-10-2020 09:17:39.777,0.05,2.49,18.69
LINE3,01-10-2020 09:18:39.776,0.05,2.48,18.73
LINE3,01-10-2020 09:19:39.777,0.05,2.51,18.73
LINE3,01-10-2020 09:20:39.777,0.05,2.51,18.75
LINE3,01-10-2020 09:21:39.776,0.05,2.52,18.84
LINE3,01-10-2020 09:22:39.777,0.05,2.54,18.84
LINE3,01-10-2020 09:23:39.775,0.05,2.49,18.85
LINE3,01-10-2020 09:24:39.776,0.05,2.49,18.84
LINE3,01-10-2020 09:25:39.776,0.05,2.49,18.84
LINE3,01-10-2020 09:26:39.776,0.05,2.5,18.85
LINE3,01-10-2020 09:27:39.775,0.05,2.49,18.84
LINE3,01-10-2020 09:28:39.777,0.05,2.51,18.84
LINE3,01-10-2020 09:29:39.777,0.05,2.53,18.86
LINE3,01-10-2020 09:30:39.775,0.05,2.49,18.85
LINE3,01-10-2020 09:31:39.777,0.05,2.51,18.84
LINE3,01-10-2020 09:32:39.776,0.05,2.49,18.84
LINE3,01-10-2020 09:33:39.777,0.05,2.51,18.85
LINE3,01-10-2020 09:34:39.776,0.05,2.48,18.86
LINE3,01-10-2020 09:35:39.777,0.05,2.47,18.84
LINE3,01-10-2020 09:36:39.776,0.05,2.52,18.74
LINE3,01-10-2020 09:37:39.776,0.05,2.53,18.75
LINE3,01-10-2020 09:38:39.776,0.05,2.48,18.73
LINE3,01-10-2020 09:39:39.775,0.05,2.46,18.75
LINE3,01-10-2020 09:40:39.776,0.05,2.48,18.75
LINE3,01-10-2020 09:41:39.776,0.05,2.5,18.75
LINE3,01-10-2020 09:42:39.777,0.05,2.52,18.73
LINE3,01-10-2020 09:43:39.777,0.05,2.49,18.7
LINE3,01-10-2020 09:44:39.777,0.05,2.53,18.69
LINE3,01-10-2020 09:45:39.776,0.05,2.52,18.62
LINE3,01-10-2020 09:46:39.776,0.05,2.47,18.62
LINE3,01-10-2020 09:47:39.777,0.05,2.49,18.7
LINE3,01-10-2020 09:48:39.775,0.05,2.51,18.63
LINE3,01-10-2020 09:49:39.776,0.05,2.51,18.62
LINE3,01-10-2020 09:50:39.775,0.05,2.51,18.62
LINE3,01-10-2020 09:51:39.776,0.05,2.53,18.64
LINE3,01-10-2020 09:52:39.777,0.05,2.5,18.53
LINE3,01-10-2020 09:53:39.776,0.05,2.48,18.53
LINE3,01-10-2020 09:54:39.776,0.05,2.5,18.49
LINE3,01-10-2020 09:55:39.775,0.05,2.49,18.51
LINE3,01-10-2020 09:56:39.776,0.05,2.5,18.53
LINE3,01-10-2020 09:57:39.775,0.05,2.49,18.43
LINE3,01-10-2020 09:58:39.776,0.05,2.48,18.42
LINE3,01-10-2020 09:59:39.777,0.05,2.51,18.42
LINE3,01-10-2020 10:00:39.777,0.05,2.49,18.42
LINE3,01-10-2020 10:01:39.776,0.05,2.5,18.42
LINE3,01-10-2020 10:02:39.776,0.05,2.5,18.42
LINE3,01-10-2020 10:03:39.776,0.05,2.5,18.32
LINE3,01-10-2020 10:04:39.775,0.05,2.5,18.31
LINE3,01-10-2020 10:05:39.777,0.05,2.51,18.29
LINE3,01-10-2020 10:06:39.776,0.05,2.52,18.31
LINE3,01-10-2020 10:07:39.776,0.05,2.49,18.26
LINE3,01-10-2020 10:08:39.776,0.05,2.5,18.21
LINE3,01-10-2020 10:09:39.776,0.05,2.49,18.2
LINE3,01-10-2020 10:10:39.776,0.05,2.5,18.2
LINE3,01-10-2020 10:11:39.776,0.05,2.52,18.2
LINE3,01-10-2020 10:12:39.776,0.05,2.49,18.18
LINE3,01-10-2020 10:13:39.776,0.05,2.51,18.19
LINE3,01-10-2020 10:14:39.777,0.05,2.5,18.2
LINE3,01-10-2020 10:15:39.776,0.05,2.5,18.02
LINE3,01-10-2020 10:16:39.777,0.05,2.51,18.08
LINE3,01-10-2020 10:17:39.777,0.05,2.51,18.04
LINE3,01-10-2020 10:18:39.775,0.05,2.48,18.04
LINE3,01-10-2020 10:19:39.777,0.05,2.51,17.97
LINE3,01-10-2020 10:20:39.775,0.05,2.5,17.99
LINE3,01-10-2020 10:21:39.776,0.05,2.49,17.97
LINE3,01-10-2020 10:22:39.776,0.05,2.48,17.98
LINE3,01-10-2020 10:23:39.776,0.05,2.48,17.99
LINE3,01-10-2020 10:24:39.776,0.05,2.49,17.82
LINE3,01-10-2020 10:25:39.775,0.05,2.49,17.86
LINE3,01-10-2020 10:26:39.777,0.05,2.49,17.85
LINE3,01-10-2020 10:27:39.775,0.05,2.5,17.74
LINE3,01-10-2020 10:28:39.777,0.05,2.51,17.75
LINE3,01-10-2020 10:29:39.775,0.05,2.49,17.76
LINE3,01-10-2020 10:30:39.777,0.05,2.47,17.74
LINE3,01-10-2020 10:31:39.777,0.05,2.49,17.65
LINE3,01-10-2020 10:32:39.775,0.05,2.49,17.64
LINE3,01-10-2020 10:33:39.777,0.05,2.48,17.57
LINE3,01-10-2020 10:34:39.776,0.05,2.52,17.6
LINE3,01-10-2020 10:35:39.777,0.05,2.49,17.54
LINE3,01-10-2020 10:36:39.776,0.05,2.5,17.53
LINE3,01-10-2020 10:37:39.776,0.05,2.47,17.58
LINE3,01-10-2020 10:38:39.776,0.05,2.51,17.43
LINE3,01-10-2020 10:39:39.776,0.05,2.51,17.53
LINE3,01-10-2020 10:40:39.777,0.05,2.51,17.44
LINE3,01-10-2020 10:41:39.776,0.05,2.51,17.41
LINE3,01-10-2020 10:42:39.777,0.05,2.49,17.37
LINE3,01-10-2020 10:43:39.775,0.05,2.49,17.37
LINE3,01-10-2020 10:44:39.777,0.05,2.51,17.36
LINE3,01-10-2020 10:45:39.776,0.05,2.5,17.31
LINE3,01-10-2020 10:46:39.777,0.05,2.49,17.3
LINE3,01-10-2020 10:47:39.776,0.05,2.51,17.2
LINE3,01-10-2020 10:48:39.775,0.05,2.52,17.3
LINE3,01-10-2020 10:49:39.777,0.05,2.5,17.32
LINE3,01-10-2020 10:50:39.776,0.05,2.51,17.36
LINE3,01-10-2020 10:51:39.777,0.05,2.5,17.37
LINE3,01-10-2020 10:52:39.775,0.05,2.51,17.52
LINE3,01-10-2020 10:53:39.777,0.05,2.52,17.53
LINE3,01-10-2020 10:54:39.776,0.05,2.5,17.52
LINE3,01-10-2020 10:55:39.775,0.05,2.49,17.55
LINE3,01-10-2020 10:56:39.777,0.05,2.45,17.59
LINE3,01-10-2020 10:57:39.775,0.05,2.49,17.59
LINE3,01-10-2020 10:58:39.776,0.05,2.51,17.64
LINE3,01-10-2020 10:59:39.775,0.05,2.51,17.66
LINE3,01-10-2020 11:00:39.776,0.05,2.47,17.75
LINE3,01-10-2020 11:01:39.776,0.05,2.52,17.76
LINE3,01-10-2020 11:02:39.776,0.05,2.5,17.76
LINE3,01-10-2020 11:03:39.777,0.05,2.49,17.74
LINE3,01-10-2020 11:04:39.775,0.05,2.51,17.74
LINE3,01-10-2020 11:05:39.777,0.05,2.47,17.76
LINE3,01-10-2020 11:06:39.775,0.05,2.53,17.74
LINE3,01-10-2020 11:07:39.777,0.05,2.48,17.76
LINE3,01-10-2020 11:08:39.775,0.05,2.49,17.75
LINE3,01-10-2020 11:09:39.776,0.05,2.52,17.75
LINE3,01-10-2020 11:10:39.777,0.05,2.48,17.81
LINE3,01-10-2020 11:11:39.775,0.05,2.48,17.86
LINE3,01-10-2020 11:12:39.777,0.05,2.5,17.79
LINE3,01-10-2020 11:13:18.083,,,18
LINE3,01-10-2020 11:13:39.776,0.05,2.51,17.97
LINE3,01-10-2020 11:14:39.776,0.05,2.48,17.99
LINE3,01-10-2020 11:15:39.775,0.05,2.49,17.98
LINE3,01-10-2020 11:16:39.776,0.05,2.49,17.99
LINE3,01-10-2020 11:17:39.776,0.05,2.52,17.99
LINE3,01-10-2020 11:18:39.776,0.05,2.45,18.04
LINE3,01-10-2020 11:19:39.777,0.05,2.51,18.06
LINE3,01-10-2020 11:20:39.775,0.05,2.48,18.19
LINE3,01-10-2020 11:21:39.777,0.05,2.53,18.19
LINE3,01-10-2020 11:22:39.776,0.05,2.5,18.19
LINE3,01-10-2020 11:23:39.776,0.05,2.49,18.2
LINE3,01-10-2020 11:24:39.776,0.05,2.49,18.26
LINE3,01-10-2020 11:25:39.776,0.05,2.48,18.24
LINE3,01-10-2020 11:26:39.777,0.05,2.51,18.29
LINE3,01-10-2020 11:27:39.775,0.05,2.5,18.41
LINE3,01-10-2020 11:28:39.776,0.05,2.51,18.41
LINE3,01-10-2020 11:29:39.775,0.05,2.5,18.42
LINE3,01-10-2020 11:30:39.776,0.05,2.49,18.41
LINE3,01-10-2020 11:31:39.776,0.05,2.47,18.47
LINE3,01-10-2020 11:32:39.776,0.05,2.49,18.53
LINE3,01-10-2020 11:33:39.777,0.05,2.51,18.52
LINE3,01-10-2020 11:34:39.776,0.05,2.52,18.64
LINE3,01-10-2020 11:35:39.777,0.05,2.51,18.62
LINE3,01-10-2020 11:36:39.775,0.05,2.49,18.64
LINE3,01-10-2020 11:37:39.777,0.05,2.51,18.63
LINE3,01-10-2020 11:38:39.776,0.05,2.5,18.62
LINE3,01-10-2020 11:39:39.776,0.05,2.49,18.63
LINE3,01-10-2020 11:40:39.776,0.05,2.48,18.64
LINE3,01-10-2020 11:41:39.776,0.05,2.5,18.64
LINE3,01-10-2020 11:42:39.776,0.05,2.51,18.64
LINE3,01-10-2020 11:43:39.776,0.05,2.52,18.62
LINE3,01-10-2020 11:44:39.777,0.05,2.51,18.63
LINE3,01-10-2020 11:45:39.776,0.05,2.48,18.64
LINE3,01-10-2020 11:46:39.777,0.05,2.51,18.62
LINE3,01-10-2020 11:47:39.776,0.05,2.5,18.62
LINE3,01-10-2020 11:48:39.777,0.05,2.5,18.63
LINE3,01-10-2020 11:49:39.776,0.05,2.51,18.63
LINE3,01-10-2020 11:50:39.776,0.05,2.51,18.64
LINE3,01-10-2020 11:51:39.777,0.05,2.49,18.64
LINE3,01-10-2020 11:52:39.775,0.05,2.51,18.54
LINE3,01-10-2020 11:53:39.776,0.05,2.49,18.53
LINE3,01-10-2020 11:54:39.776,0.05,2.52,18.64
LINE3,01-10-2020 11:55:39.776,0.05,2.51,18.64
LINE3,01-10-2020 11:56:39.777,0.05,2.5,18.52
LINE3,01-10-2020 11:57:39.776,0.05,2.51,18.53
LINE3,01-10-2020 11:58:39.776,0.05,2.51,18.51
LINE3,01-10-2020 11:59:39.776,0.05,2.48,18.47
LINE3,01-10-2020 12:00:39.776,0.05,2.49,18.52
LINE3,01-10-2020 12:01:39.775,0.05,2.51,18.48
LINE3,01-10-2020 12:02:39.776,0.05,2.51,18.48
LINE3,01-10-2020 12:03:39.776,0.05,2.49,18.46
LINE3,01-10-2020 12:04:39.776,0.05,2.51,18.41
LINE3,01-10-2020 12:05:39.775,0.05,2.5,18.41
LINE3,01-10-2020 12:06:39.775,0.05,2.5,18.42
LINE3,01-10-2020 12:07:39.776,0.05,2.47,18.42
LINE3,01-10-2020 12:08:39.775,0.05,2.47,18.4
LINE3,01-10-2020 12:09:39.776,0.05,2.49,18.42
LINE3,01-10-2020 12:10:39.776,0.05,2.51,18.42
LINE3,01-10-2020 12:11:39.776,0.05,2.52,18.42
LINE3,01-10-2020 12:12:39.777,0.05,2.5,18.31
LINE3,01-10-2020 12:13:39.776,0.05,2.5,18.3
LINE3,01-10-2020 12:14:39.777,0.05,2.51,18.29
LINE3,01-10-2020 12:15:39.777,0.05,2.5,18.32
LINE3,01-10-2020 12:16:39.776,0.05,2.52,18.31
LINE3,01-10-2020 12:17:39.775,0.05,2.51,18.31
LINE3,01-10-2020 12:18:39.777,0.05,2.52,18.25
LINE3,01-10-2020 12:19:39.775,0.05,2.49,18.19
LINE3,01-10-2020 12:20:39.776,0.05,2.52,18.21
LINE3,01-10-2020 12:21:39.776,0.05,2.5,18.21
LINE3,01-10-2020 12:22:39.776,0.05,2.49,18.21
LINE3,01-10-2020 12:23:39.777,0.05,2.52,18.21
LINE3,01-10-2020 12:24:39.776,0.05,2.5,18.19
LINE3,01-10-2020 12:25:39.776,0.05,2.48,18.2
LINE3,01-10-2020 12:26:39.775,0.05,2.51,18.07
LINE3,01-10-2020 12:27:39.777,0.05,2.47,18.03
LINE3,01-10-2020 12:28:39.777,0.05,2.53,18.09
LINE3,01-10-2020 12:29:39.775,0.05,2.51,18.04
LINE3,01-10-2020 12:30:39.777,0.05,2.51,17.99
LINE3,01-10-2020 12:31:39.776,0.05,2.51,18.04
LINE3,01-10-2020 12:32:39.776,0.05,2.52,17.98
LINE3,01-10-2020 12:33:39.776,0.05,2.49,17.99
LINE3,01-10-2020 12:34:39.776,0.05,2.48,17.97
LINE3,01-10-2020 12:35:39.776,0.05,2.5,17.97
LINE3,01-10-2020 12:36:39.776,0.05,2.51,17.81
LINE3,01-10-2020 12:37:39.777,0.05,2.5,17.79
LINE3,01-10-2020 12:38:39.776,0.05,2.46,17.82
LINE3,01-10-2020 12:39:39.777,0.05,2.51,17.82
LINE3,01-10-2020 12:40:39.775,0.05,2.51,17.82
LINE3,01-10-2020 12:41:39.776,0.05,2.49,17.76
LINE3,01-10-2020 12:42:39.776,0.05,2.51,17.74
LINE3,01-10-2020 12:43:39.776,0.05,2.47,17.74
LINE3,01-10-2020 12:44:39.776,0.05,2.52,17.65
LINE3,01-10-2020 12:45:39.776,0.05,2.51,17.76
LINE3,01-10-2020 12:46:39.776,0.05,2.51,17.75
LINE3,01-10-2020 12:47:39.776,0.05,2.51,17.65
LINE3,01-10-2020 12:48:39.777,0.05,2.49,17.65
LINE3,01-10-2020 12:49:39.775,0.05,2.5,17.59
LINE3,01-10-2020 12:50:39.777,0.05,2.48,17.52
LINE3,01-10-2020 12:51:39.776,0.05,2.52,17.53
LINE3,01-10-2020 12:52:39.777,0.05,2.5,17.54
LINE3,01-10-2020 12:53:39.777,0.04,2.53,17.41
LINE3,01-10-2020 12:54:39.775,0.04,2.49,17.53
LINE3,01-10-2020 12:55:39.776,0.04,2.49,17.42
LINE3,01-10-2020 12:56:39.776,0.04,2.48,17.43
LINE3,01-10-2020 12:57:39.777,0.04,2.49,17.37
LINE3,01-10-2020 12:58:39.777,0.04,2.51,17.42
LINE3,01-10-2020 12:59:39.777,0.04,2.48,17.3
LINE3,01-10-2020 13:00:39.776,0.04,2.52,17.3
LINE3,01-10-2020 13:01:39.775,0.04,2.49,17.32
LINE3,01-10-2020 13:02:39.776,0.04,2.48,17.3
LINE3,01-10-2020 13:03:39.776,0.04,2.48,17.42
LINE3,01-10-2020 13:04:39.777,0.04,2.51,17.37
LINE3,01-10-2020 13:05:39.776,0.04,2.49,17.43
LINE3,01-10-2020 13:06:39.776,0.04,2.52,17.53
LINE3,01-10-2020 13:07:39.776,0.04,2.5,17.52
LINE3,01-10-2020 13:08:39.776,0.04,2.48,17.53
LINE3,01-10-2020 13:09:39.777,0.04,2.52,17.59
LINE3,01-10-2020 13:10:39.776,0.04,2.46,17.59
LINE3,01-10-2020 13:11:39.776,0.05,2.51,17.63
LINE3,01-10-2020 13:12:39.775,0.05,2.51,17.73
LINE3,01-10-2020 13:13:39.776,0.05,2.51,17.64
LINE3,01-10-2020 13:14:39.777,0.05,2.49,17.73
LINE3,01-10-2020 13:15:39.777,0.05,2.51,17.79
LINE3,01-10-2020 13:16:39.776,0.05,2.51,17.8
LINE3,01-10-2020 13:17:39.775,0.05,2.48,17.79
LINE3,01-10-2020 13:18:39.777,0.05,2.5,17.85
LINE3,01-10-2020 13:19:39.775,0.05,2.48,17.98
LINE3,01-10-2020 13:20:39.776,0.05,2.55,17.98
LINE3,01-10-2020 13:21:39.775,0.05,2.5,17.99
LINE3,01-10-2020 13:22:39.776,0.05,2.48,18.05
LINE3,01-10-2020 13:23:39.777,0.05,2.49,18.04
LINE3,01-10-2020 13:24:39.776,0.05,2.48,18.08
LINE3,01-10-2020 13:25:39.776,0.05,2.52,18.14
LINE3,01-10-2020 13:26:39.776,0.05,2.51,18.2
LINE3,01-10-2020 13:27:39.776,0.05,2.54,18.19
LINE3,01-10-2020 13:28:39.775,0.05,2.53,18.24
LINE3,01-10-2020 13:29:39.777,0.05,2.51,18.26
LINE3,01-10-2020 13:30:39.776,0.05,2.48,18.31
LINE3,01-10-2020 13:31:39.777,0.05,2.49,18.31
LINE3,01-10-2020 13:32:39.777,0.05,2.49,18.42
LINE3,01-10-2020 13:33:39.776,0.05,2.49,18.41
LINE3,01-10-2020 13:34:39.777,0.05,2.5,18.43
LINE3,01-10-2020 13:35:39.775,0.05,2.53,18.46
LINE3,01-10-2020 13:36:39.777,0.05,2.51,18.53
LINE3,01-10-2020 13:37:39.776,0.05,2.5,18.53
LINE3,01-10-2020 13:38:39.776,0.05,2.48,18.62
LINE3,01-10-2020 13:39:39.777,0.05,2.51,18.62
LINE3,01-10-2020 13:40:39.775,0.05,2.49,18.62
LINE3,01-10-2020 13:41:39.776,0.05,2.51,18.64
LINE3,01-10-2020 13:42:39.776,0.05,2.52,18.63
LINE3,01-10-2020 13:43:39.776,0.05,2.51,18.69
LINE3,01-10-2020 13:44:39.775,0.05,2.5,18.62
LINE3,01-10-2020 13:45:39.777,0.05,2.49,18.67
LINE3,01-10-2020 13:46:39.776,0.05,2.48,18.67
LINE3,01-10-2020 13:47:39.776,0.05,2.49,18.64
LINE3,01-10-2020 13:48:39.776,0.05,2.51,18.64
LINE3,01-10-2020 13:49:39.775,0.05,2.51,18.64
LINE3,01-10-2020 13:50:39.776,0.05,2.51,18.64
LINE3,01-10-2020 13:51:39.775,0.05,2.5,18.62
LINE3,01-10-2020 13:52:39.776,0.05,2.5,18.63
LINE3,01-10-2020 13:53:39.777,0.05,2.51,18.62
LINE3,01-10-2020 13:54:39.777,0.05,2.5,18.62
LINE3,01-10-2020 13:55:39.776,0.05,2.49,18.63
LINE3,01-10-2020 13:56:39.776,0.05,2.54,18.62
LINE3,01-10-2020 13:57:39.777,0.05,2.48,18.64
LINE3,01-10-2020 13:58:39.776,0.05,2.49,18.64
LINE3,01-10-2020 13:59:39.777,0.05,2.52,18.62
LINE3,01-10-2020 14:00:39.776,0.05,2.46,18.64
LINE3,01-10-2020 14:01:39.776,0.05,2.51,18.54
LINE3,01-10-2020 14:02:39.777,0.05,2.53,18.53
LINE3,01-10-2020 14:03:39.775,0.05,2.51,18.46
LINE3,01-10-2020 14:04:39.777,0.05,2.48,18.49
LINE3,01-10-2020 14:05:39.775,0.05,2.51,18.41
LINE3,01-10-2020 14:06:39.776,0.05,2.51,18.42
LINE3,01-10-2020 14:07:39.775,0.05,2.48,18.3
LINE3,01-10-2020 14:08:39.776,0.05,2.51,18.24
LINE3,01-10-2020 14:09:39.776,0.05,2.51,18.21
LINE3,01-10-2020 14:10:39.777,0.04,2.54,18.23
LINE3,01-10-2020 14:11:39.776,0.04,2.47,18.2
LINE3,01-10-2020 14:12:39.776,0.04,2.49,18.08
LINE3,01-10-2020 14:13:39.777,0.04,2.5,18.04
LINE3,01-10-2020 14:14:39.776,0.04,2.47,18.06
LINE3,01-10-2020 14:15:39.775,0.04,2.5,17.97
LINE3,01-10-2020 14:16:39.775,0.04,2.51,18.04
LINE3,01-10-2020 14:17:39.776,0.04,2.49,18.03
LINE3,01-10-2020 14:18:39.806,0.04,2.5,17.9
LINE3,01-10-2020 14:19:39.775,0.04,2.48,17.99
LINE3,01-10-2020 14:20:39.776,0.04,2.52,17.98
LINE3,01-10-2020 14:21:39.776,0.04,2.5,17.86
LINE3,01-10-2020 14:22:39.776,0.04,2.5,17.82
LINE3,01-10-2020 14:23:39.775,0.04,2.51,17.82
LINE3,01-10-2020 14:24:39.778,0.04,2.52,17.81
LINE3,01-10-2020 14:25:39.777,0.04,2.49,17.79
LINE3,01-10-2020 14:26:39.776,0.04,2.49,17.75
LINE3,01-10-2020 14:27:39.776,0.04,2.51,17.75
LINE3,01-10-2020 14:28:39.775,0.04,2.48,17.76
LINE3,01-10-2020 14:29:39.776,0.04,2.52,17.73
LINE3,01-10-2020 14:30:39.775,0.04,2.51,17.64
LINE3,01-10-2020 14:31:39.776,0.04,2.54,17.64
LINE3,01-10-2020 14:32:39.777,0.04,2.48,17.59
LINE3,01-10-2020 14:33:39.776,0.04,2.49,17.59
LINE3,01-10-2020 14:34:39.777,0.04,2.49,17.65
LINE3,01-10-2020 14:35:39.776,0.04,2.5,17.59
LINE3,01-10-2020 14:36:39.777,0.04,2.51,17.53
LINE3,01-10-2020 14:37:39.776,0.04,2.5,17.53
LINE3,01-10-2020 14:38:39.776,0.04,2.5,17.54
LINE3,01-10-2020 14:39:39.775,0.04,2.51,17.44
LINE3,01-10-2020 14:40:39.777,0.04,2.48,17.42
LINE3,01-10-2020 14:41:39.776,0.04,2.48,17.53
LINE3,01-10-2020 14:42:39.775,0.04,2.49,17.53
LINE3,01-10-2020 14:43:39.777,0.04,2.54,17.41
LINE3,01-10-2020 14:44:39.776,0.04,2.52,17.37
LINE3,01-10-2020 14:45:39.777,0.04,2.51,17.38
LINE3,01-10-2020 14:46:39.776,0.04,2.51,17.37
LINE3,01-10-2020 14:47:39.776,0.04,2.49,17.37
LINE3,01-10-2020 14:48:39.777,0.04,2.5,17.32
LINE3,01-10-2020 14:49:39.777,0.04,2.51,17.32
LINE3,01-10-2020 14:50:39.776,0.04,2.54,17.21
LINE3,01-10-2020 14:51:39.776,0.04,2.5,17.3
LINE3,01-10-2020 14:52:39.776,0.04,2.54,17.32
LINE3,01-10-2020 14:53:39.776,0.04,2.49,17.31
LINE3,01-10-2020 14:54:39.776,0.04,2.52,17.39
LINE3,01-10-2020 14:55:39.775,0.04,2.48,17.37
LINE3,01-10-2020 14:56:39.776,0.04,2.47,17.54
LINE3,01-10-2020 14:57:39.777,0.04,2.53,17.43
LINE3,01-10-2020 14:58:39.776,0.04,2.49,17.52
LINE3,01-10-2020 14:59:39.776,0.04,2.51,17.53
LINE3,01-10-2020 15:00:39.775,0.04,2.49,17.58
LINE3,01-10-2020 15:01:39.777,0.04,2.51,17.58
LINE3,01-10-2020 15:02:39.775,0.04,2.51,17.65
LINE3,01-10-2020 15:03:39.776,0.04,2.5,17.75
LINE3,01-10-2020 15:04:39.776,0.04,2.5,17.74
LINE3,01-10-2020 15:05:39.776,0.04,2.52,17.74
LINE3,01-10-2020 15:06:39.776,0.04,2.52,17.76
LINE3,01-10-2020 15:07:39.775,0.04,2.47,17.81
LINE3,01-10-2020 15:08:39.776,0.04,2.5,17.85
LINE3,01-10-2020 15:09:39.775,0.04,2.49,17.99
LINE3,01-10-2020 15:10:39.777,0.04,2.46,17.97
LINE3,01-10-2020 15:11:39.776,0.04,2.49,17.99
LINE3,01-10-2020 15:12:39.776,0.04,2.51,17.99
LINE3,01-10-2020 15:13:39.776,0.04,2.52,18.07
LINE3,01-10-2020 15:14:39.775,0.04,2.48,18.09
LINE3,01-10-2020 15:15:39.776,0.04,2.48,18.08
LINE3,01-10-2020 15:16:39.776,0.04,2.49,18.1
LINE3,01-10-2020 15:17:39.776,0.04,2.48,18.21
LINE3,01-10-2020 15:18:39.775,0.04,2.5,18.25
LINE3,01-10-2020 15:19:39.777,0.05,2.49,18.25
LINE3,01-10-2020 15:20:39.777,0.05,2.51,18.31
LINE3,01-10-2020 15:21:39.776,0.05,2.49,18.25
LINE3,01-10-2020 15:22:39.776,0.05,2.51,18.4
LINE3,01-10-2020 15:23:39.775,0.05,2.51,18.42
LINE3,01-10-2020 15:24:39.776,0.05,2.51,18.43
LINE3,01-10-2020 15:25:39.776,0.05,2.51,18.46
LINE3,01-10-2020 15:26:39.777,0.05,2.54,18.48
LINE3,01-10-2020 15:27:39.777,0.05,2.5,18.53
LINE3,01-10-2020 15:28:39.777,0.05,2.47,18.51
LINE3,01-10-2020 15:29:39.777,0.05,2.49,18.63
LINE3,01-10-2020 15:30:39.775,0.05,2.47,18.62
LINE3,01-10-2020 15:31:39.777,0.05,2.48,18.62
LINE3,01-10-2020 15:32:39.776,0.05,2.48,18.63
LINE3,01-10-2020 15:33:39.776,0.05,2.51,18.62
LINE3,01-10-2020 15:34:39.776,0.05,2.51,18.62
LINE3,01-10-2020 15:35:39.776,0.05,2.5,18.64
LINE3,01-10-2020 15:36:39.777,0.05,2.47,18.62
LINE3,01-10-2020 15:37:39.775,0.05,2.51,18.64
LINE3,01-10-2020 15:38:39.777,0.05,2.52,18.62
LINE3,01-10-2020 15:39:39.775,0.05,2.49,18.62
LINE3,01-10-2020 15:40:39.777,0.05,2.54,18.64
LINE3,01-10-2020 15:41:39.775,0.05,2.51,18.64
LINE3,01-10-2020 15:42:39.776,0.05,2.51,18.64
LINE3,01-10-2020 15:43:39.776,0.05,2.49,18.64
LINE3,01-10-2020 15:44:39.777,0.05,2.49,18.62
LINE3,01-10-2020 15:45:39.776,0.05,2.51,18.65
LINE3,01-10-2020 15:46:39.775,0.05,2.52,18.64
LINE3,01-10-2020 15:47:39.776,0.05,2.54,18.63
LINE3,01-10-2020 15:48:39.776,0.05,2.51,18.63
LINE3,01-10-2020 15:49:39.777,0.05,2.49,18.62
LINE3,01-10-2020 15:50:39.775,0.05,2.49,18.53
LINE3,01-10-2020 15:51:39.777,0.05,2.48,18.51
LINE3,01-10-2020 15:52:39.776,0.05,2.5,18.52
LINE3,01-10-2020 15:53:39.776,0.05,2.49,18.49
LINE3,01-10-2020 15:54:39.777,0.05,2.51,18.52
LINE3,01-10-2020 15:55:39.776,0.05,2.51,18.41
LINE3,01-10-2020 15:56:39.777,0.05,2.51,18.42
LINE3,01-10-2020 15:57:39.775,0.05,2.49,18.46
LINE3,01-10-2020 15:58:39.777,0.05,2.48,18.42
LINE3,01-10-2020 15:59:39.777,0.05,2.51,18.4
LINE3,01-10-2020 16:00:39.775,0.05,2.51,18.42
LINE3,01-10-2020 16:01:39.776,0.05,2.49,18.34
LINE3,01-10-2020 16:02:39.775,0.05,2.5,18.31
LINE3,01-10-2020 16:03:39.777,0.05,2.48,18.24
LINE3,01-10-2020 16:04:39.776,0.05,2.49,18.19
LINE3,01-10-2020 16:05:39.776,0.05,2.47,18.21
LINE3,01-10-2020 16:06:39.777,0.05,2.5,18.21
LINE3,01-10-2020 16:07:39.777,0.05,2.5,18.21
LINE3,01-10-2020 16:08:39.777,0.05,2.54,18.1
LINE3,01-10-2020 16:09:39.776,0.05,2.5,18.16
LINE3,01-10-2020 16:10:39.776,0.05,2.51,18.1
LINE3,01-10-2020 16:11:39.776,0.05,2.48,18.08
LINE3,01-10-2020 16:12:39.777,0.05,2.51,18.04
LINE3,01-10-2020 16:13:39.775,0.05,2.48,17.97
LINE3,01-10-2020 16:14:39.776,0.05,2.51,18.03
LINE3,01-10-2020 16:15:39.776,0.05,2.51,17.99
LINE3,01-10-2020 16:16:39.776,0.05,2.51,17.97
LINE3,01-10-2020 16:17:39.776,0.05,2.51,17.99
LINE3,01-10-2020 16:18:39.776,0.04,2.47,17.99
LINE3,01-10-2020 16:19:39.776,0.04,2.49,17.85
LINE3,01-10-2020 16:20:39.775,0.04,2.49,17.81
LINE3,01-10-2020 16:21:39.776,0.04,2.5,17.79
LINE3,01-10-2020 16:22:39.776,0.04,2.52,17.81
LINE3,01-10-2020 16:23:39.776,0.04,2.48,17.74
LINE3,01-10-2020 16:24:39.776,0.04,2.51,17.74
LINE3,01-10-2020 16:25:39.775,0.04,2.51,17.76
LINE3,01-10-2020 16:26:39.777,0.04,2.53,17.63
LINE3,01-10-2020 16:27:39.776,0.04,2.49,17.75
LINE3,01-10-2020 16:28:39.776,0.04,2.51,17.65
LINE3,01-10-2020 16:29:39.775,0.04,2.49,17.57
LINE3,01-10-2020 16:30:39.776,0.04,2.54,17.59
LINE3,01-10-2020 16:31:39.777,0.04,2.51,17.59
LINE3,01-10-2020 16:32:39.775,0.04,2.51,17.52
LINE3,01-10-2020 16:33:39.776,0.04,2.49,17.53
LINE3,01-10-2020 16:34:39.776,0.04,2.49,17.55
LINE3,01-10-2020 16:35:39.777,0.04,2.49,17.53
LINE3,01-10-2020 16:36:39.776,0.04,2.51,17.53
LINE3,01-10-2020 16:37:39.777,0.04,2.5,17.53
LINE3,01-10-2020 16:38:39.776,0.04,2.49,17.51
LINE3,01-10-2020 16:39:39.775,0.04,2.48,17.42
LINE3,01-10-2020 16:40:39.777,0.04,2.5,17.37
LINE3,01-10-2020 16:41:39.776,0.04,2.5,17.36
LINE3,01-10-2020 16:42:39.777,0.04,2.51,17.32
LINE3,01-10-2020 16:43:39.775,0.04,2.52,17.32
LINE3,01-10-2020 16:44:39.777,0.04,2.5,17.32
LINE3,01-10-2020 16:45:39.776,0.04,2.49,17.3
LINE3,01-10-2020 16:46:39.777,0.04,2.49,17.3
LINE3,01-10-2020 16:47:39.776,0.04,2.49,17.43
LINE3,01-10-2020 16:48:39.684,0.04,2.52,17.35
LINE3,01-10-2020 16:49:39.585,0.04,2.5,17.53
LINE3,01-10-2020 16:50:39.485,0.04,2.51,17.52
LINE3,01-10-2020 16:51:40.384,0.04,2.53,17.52
LINE3,01-10-2020 16:52:40.285,0.04,2.5,17.54
LINE3,01-10-2020 16:53:40.245,0.04,2.51,17.64
LINE3,01-10-2020 16:54:40.210,0.04,2.48,17.59
LINE3,01-10-2020 16:55:40.173,0.04,2.52,17.75
LINE3,01-10-2020 16:56:40.138,0.04,2.48,17.75
LINE3,01-10-2020 16:57:40.100,0.04,2.52,17.76
LINE3,01-10-2020 16:58:40.087,0.04,2.51,17.75
LINE3,01-10-2020 16:59:40.073,0.04,2.49,17.81
LINE3,01-10-2020 17:00:40.062,0.04,2.49,17.76
LINE3,01-10-2020 17:01:40.047,0.04,2.48,17.74
LINE3,01-10-2020 17:02:40.036,0.04,2.51,17.76
LINE3,01-10-2020 17:03:40.032,0.04,2.48,17.75
LINE3,01-10-2020 17:04:40.025,0.04,2.51,17.86
LINE3,01-10-2020 17:05:40.021,0.04,2.5,17.87
LINE3,01-10-2020 17:06:40.017,0.04,2.48,17.83
LINE3,01-10-2020 17:07:40.013,0.04,2.52,17.8
LINE3,01-10-2020 17:08:40.010,0.04,2.47,17.86
LINE3,01-10-2020 17:09:40.009,0.04,2.46,17.86
LINE3,01-10-2020 17:10:40.006,0.04,2.51,17.97
LINE3,01-10-2020 17:11:40.005,0.04,2.54,17.97
LINE3,01-10-2020 17:12:40.002,0.04,2.5,18.03
LINE3,01-10-2020 17:13:40.002,0.04,2.48,17.99
LINE3,01-10-2020 17:14:40.001,0.04,2.49,18.09
LINE3,01-10-2020 17:15:40.001,0.04,2.49,18.09
LINE3,01-10-2020 17:16:40.001,0.04,2.5,18.1
LINE3,01-10-2020 17:17:40.001,0.04,2.5,18.18
LINE3,01-10-2020 17:18:40.001,0.04,2.52,18.19
LINE3,01-10-2020 17:19:40.001,0.04,2.5,18.18
LINE3,01-10-2020 17:20:39.999,0.04,2.51,18.19
LINE3,01-10-2020 17:21:40.000,0.04,2.49,18.2
LINE3,01-10-2020 17:22:39.999,0.04,2.48,18.32
LINE3,01-10-2020 17:23:39.998,0.04,2.52,18.3
LINE3,01-10-2020 17:24:39.999,0.04,2.47,18.41
LINE3,01-10-2020 17:25:39.999,0.04,2.52,18.42
LINE3,01-10-2020 17:26:39.998,0.04,2.49,18.43
LINE3,01-10-2020 17:27:39.999,0.04,2.51,18.48
LINE3,01-10-2020 17:28:39.998,0.04,2.51,18.46
LINE3,01-10-2020 17:29:39.999,0.04,2.5,18.53
LINE3,01-10-2020 17:30:39.999,0.04,2.51,18.53
LINE3,01-10-2020 17:31:39.999,0.05,2.5,18.62
LINE3,01-10-2020 17:32:39.998,0.05,2.48,18.62
LINE3,01-10-2020 17:33:39.999,0.05,2.51,18.63
LINE3,01-10-2020 17:34:39.999,0.05,2.48,18.64
LINE3,01-10-2020 17:35:39.999,0.05,2.5,18.64
LINE3,01-10-2020 17:36:39.998,0.05,2.49,18.62
LINE3,01-10-2020 17:37:39.998,0.05,2.49,18.63
LINE3,01-10-2020 17:38:39.999,0.05,2.48,18.63
LINE3,01-10-2020 17:39:39.998,0.05,2.51,18.62
LINE3,01-10-2020 17:40:39.998,0.05,2.49,18.64
LINE3,01-10-2020 17:41:39.998,0.04,2.5,18.64
LINE3,01-10-2020 17:42:39.998,0.04,2.48,18.64
LINE3,01-10-2020 17:43:39.999,0.05,2.49,18.63
LINE3,01-10-2020 17:44:39.999,0.04,2.52,18.62
LINE3,01-10-2020 17:45:39.998,0.04,2.5,18.63
LINE3,01-10-2020 17:46:39.999,0.04,2.49,18.64
LINE3,01-10-2020 17:47:39.998,0.04,2.5,18.64
LINE3,01-10-2020 17:48:39.999,0.04,2.48,18.62
LINE3,01-10-2020 17:49:39.999,0.04,2.5,18.52
LINE3,01-10-2020 17:50:39.999,0.04,2.5,18.51
LINE3,01-10-2020 17:51:39.998,0.04,2.51,18.53
LINE3,01-10-2020 17:52:39.999,0.04,2.49,18.48
LINE3,01-10-2020 17:53:39.999,0.04,2.5,18.53
LINE3,01-10-2020 17:54:39.999,0.04,2.5,18.46
LINE3,01-10-2020 17:55:39.999,0.04,2.5,18.48
LINE3,01-10-2020 17:56:39.999,0.04,2.51,18.48
LINE3,01-10-2020 17:57:39.998,0.04,2.48,18.46
LINE3,01-10-2020 17:58:39.999,0.04,2.49,18.4
LINE3,01-10-2020 17:59:39.999,0.04,2.53,18.41
LINE3,01-10-2020 18:00:39.998,0.04,2.52,18.43
LINE3,01-10-2020 18:01:39.998,0.04,2.51,18.31
LINE3,01-10-2020 18:02:39.998,0.04,2.49,18.26
LINE3,01-10-2020 18:03:39.998,0.04,2.52,18.3
LINE3,01-10-2020 18:04:39.998,0.04,2.48,18.25
LINE3,01-10-2020 18:05:40.000,0.04,2.48,18.21
LINE3,01-10-2020 18:06:39.998,0.04,2.51,18.25
LINE3,01-10-2020 18:07:39.999,0.04,2.51,18.19
LINE3,01-10-2020 18:08:39.999,0.04,2.51,18.21
LINE3,01-10-2020 18:09:39.999,0.04,2.49,18.21
LINE3,01-10-2020 18:10:39.999,0.04,2.51,18.15
LINE3,01-10-2020 18:11:39.998,0.04,2.51,18.08
LINE3,01-10-2020 18:12:39.999,0.04,2.51,18.04
LINE3,01-10-2020 18:13:39.998,0.04,2.51,18.07
LINE3,01-10-2020 18:14:39.998,0.04,2.51,18.02
LINE3,01-10-2020 18:15:39.999,0.04,2.48,17.99
LINE3,01-10-2020 18:16:39.998,0.04,2.47,17.97
LINE3,01-10-2020 18:17:39.999,0.04,2.51,17.99
LINE3,01-10-2020 18:18:39.998,0.04,2.47,17.99
LINE3,01-10-2020 18:19:39.998,0.04,2.51,18
LINE3,01-10-2020 18:20:39.998,0.04,2.48,17.93
LINE3,01-10-2020 18:21:39.998,0.04,2.52,17.8
LINE3,01-10-2020 18:22:39.998,0.04,2.48,17.8
LINE3,01-10-2020 18:23:39.999,0.04,2.51,17.82
LINE3,01-10-2020 18:24:39.999,0.04,2.51,17.76
LINE3,01-10-2020 18:25:39.998,0.04,2.47,17.73
LINE3,01-10-2020 18:26:39.999,0.04,2.52,17.74
LINE3,01-10-2020 18:27:39.998,0.04,2.52,17.65
LINE3,01-10-2020 18:28:40.000,0.04,2.5,17.74
LINE3,01-10-2020 18:29:39.998,0.04,2.5,17.74
LINE3,01-10-2020 18:30:39.999,0.04,2.47,17.75
LINE3,01-10-2020 18:31:39.999,0.04,2.49,17.76
LINE3,01-10-2020 18:32:39.998,0.04,2.5,17.58
LINE3,01-10-2020 18:33:39.999,0.04,2.51,17.64
LINE3,01-10-2020 18:34:39.998,0.04,2.51,17.57
LINE3,01-10-2020 18:35:39.999,0.04,2.53,17.53
LINE3,01-10-2020 18:36:39.999,0.04,2.49,17.55
LINE3,01-10-2020 18:37:39.998,0.04,2.49,17.53
LINE3,01-10-2020 18:38:39.999,0.04,2.54,17.53
LINE3,01-10-2020 18:39:39.999,0.04,2.51,17.53
LINE3,01-10-2020 18:40:39.999,0.04,2.49,17.54
LINE3,01-10-2020 18:41:39.999,0.04,2.49,17.53
LINE3,01-10-2020 18:42:39.999,0.04,2.51,17.42
LINE3,01-10-2020 18:43:39.999,0.04,2.49,17.53
LINE3,01-10-2020 18:44:39.999,0.04,2.49,17.44
LINE3,01-10-2020 18:45:39.998,0.04,2.51,17.37
LINE3,01-10-2020 18:46:39.998,0.04,2.5,17.35
LINE3,01-10-2020 18:47:39.999,0.04,2.52,17.41
LINE3,01-10-2020 18:48:39.998,0.04,2.51,17.3
LINE3,01-10-2020 18:49:39.998,0.04,2.5,17.32
LINE3,01-10-2020 18:50:39.998,0.04,2.51,17.2
LINE3,01-10-2020 18:51:39.999,0.04,2.5,17.19
LINE3,01-10-2020 18:52:39.998,0.04,2.5,17.23
LINE3,01-10-2020 18:53:39.998,0.04,2.51,17.3
LINE3,01-10-2020 18:54:39.999,0.04,2.51,17.36
LINE3,01-10-2020 18:55:39.998,0.04,2.49,17.42
LINE3,01-10-2020 18:56:39.998,0.04,2.51,17.41
LINE3,01-10-2020 18:57:39.998,0.04,2.49,17.54
LINE3,01-10-2020 18:58:39.999,0.04,2.48,17.55
LINE3,01-10-2020 18:59:39.998,0.04,2.48,17.53
LINE3,01-10-2020 19:00:39.998,0.04,2.48,17.54
LINE3,01-10-2020 19:01:39.999,0.04,2.46,17.58
LINE3,01-10-2020 19:02:39.999,0.04,2.5,17.64
LINE3,01-10-2020 19:03:39.999,0.04,2.51,17.75
LINE3,01-10-2020 19:04:39.998,0.04,2.5,17.75
LINE3,01-10-2020 19:05:39.999,0.04,2.5,17.76
LINE3,01-10-2020 19:06:39.999,0.04,2.51,17.81
LINE3,01-10-2020 19:07:40.000,0.04,2.47,17.82
LINE3,01-10-2020 19:08:39.999,0.04,2.51,17.85
LINE3,01-10-2020 19:09:39.998,0.04,2.49,17.8
LINE3,01-10-2020 19:10:39.998,0.04,2.51,17.98
LINE3,01-10-2020 19:11:39.999,0.04,2.49,17.98
LINE3,01-10-2020 19:12:39.998,0.04,2.48,17.98
LINE3,01-10-2020 19:13:39.999,0.04,2.47,17.97
LINE3,01-10-2020 19:14:40.000,0.04,2.5,18.1
LINE3,01-10-2020 19:15:39.998,0.04,2.49,18.08
LINE3,01-10-2020 19:16:39.998,0.04,2.5,18.2
LINE3,01-10-2020 19:17:39.998,0.04,2.52,18.19
LINE3,01-10-2020 19:18:39.999,0.04,2.51,18.19
LINE3,01-10-2020 19:19:39.999,0.04,2.51,18.21
LINE3,01-10-2020 19:20:39.998,0.04,2.49,18.21
LINE3,01-10-2020 19:21:39.998,0.04,2.46,18.3
LINE3,01-10-2020 19:22:39.998,0.04,2.46,18.31
LINE3,01-10-2020 19:23:40.000,0.04,2.5,18.43
LINE3,01-10-2020 19:24:39.998,0.04,2.53,18.42
LINE3,01-10-2020 19:25:39.998,0.04,2.51,18.48
LINE3,01-10-2020 19:26:39.999,0.04,2.51,18.46
LINE3,01-10-2020 19:27:39.999,0.04,2.49,18.48
LINE3,01-10-2020 19:28:39.998,0.04,2.49,18.53
LINE3,01-10-2020 19:29:39.998,0.04,2.51,18.63
LINE3,01-10-2020 19:30:39.999,0.04,2.5,18.64
LINE3,01-10-2020 19:31:39.998,0.04,2.56,18.64
LINE3,01-10-2020 19:32:39.998,0.04,2.51,18.62
LINE3,01-10-2020 19:33:39.999,0.04,2.5,18.62
LINE3,01-10-2020 19:34:39.998,0.04,2.49,18.64
LINE3,01-10-2020 19:35:39.999,0.04,2.49,18.64
LINE3,01-10-2020 19:36:39.998,0.04,2.51,18.64
LINE3,01-10-2020 19:37:39.999,0.04,2.48,18.64
LINE3,01-10-2020 19:38:39.998,0.04,2.49,18.63
LINE3,01-10-2020 19:39:39.998,0.04,2.52,18.62
LINE3,01-10-2020 19:40:39.999,0.05,2.52,18.62
LINE3,01-10-2020 19:41:39.998,0.05,2.51,18.69
LINE3,01-10-2020 19:42:39.999,0.05,2.5,18.69
LINE3,01-10-2020 19:43:39.998,0.05,2.52,18.64
LINE3,01-10-2020 19:44:39.998,0.05,2.5,18.65
LINE3,01-10-2020 19:45:39.999,0.05,2.5,18.62
LINE3,01-10-2020 19:46:39.999,0.05,2.51,18.64
LINE3,01-10-2020 19:47:39.999,0.05,2.51,18.63
LINE3,01-10-2020 19:48:39.998,0.05,2.52,18.64
LINE3,01-10-2020 19:49:39.998,0.05,2.49,18.64
LINE3,01-10-2020 19:50:39.998,0.05,2.53,18.62
LINE3,01-10-2020 19:51:39.998,0.05,2.5,18.63
LINE3,01-10-2020 19:52:39.998,0.05,2.54,18.64
LINE3,01-10-2020 19:53:40.000,0.05,2.53,18.53
LINE3,01-10-2020 19:54:39.998,0.04,2.45,18.53
LINE3,01-10-2020 19:55:39.999,0.04,2.5,18.53
LINE3,01-10-2020 19:56:39.999,0.04,2.5,18.53
LINE3,01-10-2020 19:57:39.999,0.04,2.49,18.53
LINE3,01-10-2020 19:58:39.999,0.04,2.49,18.53
LINE3,01-10-2020 19:59:39.998,0.04,2.53,18.46
LINE3,01-10-2020 20:00:39.999,0.04,2.48,18.46
LINE3,01-10-2020 20:01:39.999,0.04,2.49,18.41
LINE3,01-10-2020 20:02:40.000,0.04,2.5,18.43
LINE3,01-10-2020 20:03:39.998,0.04,2.48,18.43
LINE3,01-10-2020 20:04:39.999,0.04,2.51,18.42
LINE3,01-10-2020 20:05:39.998,0.04,2.51,18.41
LINE3,01-10-2020 20:06:39.998,0.04,2.53,18.42
LINE3,01-10-2020 20:07:39.999,0.04,2.51,18.26
LINE3,01-10-2020 20:08:39.999,0.04,2.47,18.31
LINE3,01-10-2020 20:09:39.999,0.04,2.49,18.24
LINE3,01-10-2020 20:10:39.999,0.04,2.5,18.25
LINE3,01-10-2020 20:11:39.999,0.04,2.51,18.19
LINE3,01-10-2020 20:12:39.998,0.04,2.51,18.19
LINE3,01-10-2020 20:13:39.998,0.04,2.51,18.19
LINE3,01-10-2020 20:14:39.999,0.04,2.47,18.21
LINE3,01-10-2020 20:15:39.998,0.04,2.49,18.08
LINE3,01-10-2020 20:16:39.998,0.04,2.51,18.09
LINE3,01-10-2020 20:17:39.999,0.04,2.51,18.05
LINE3,01-10-2020 20:18:39.999,0.04,2.51,17.87
LINE3,01-10-2020 20:19:39.998,0.04,2.49,17.82
LINE3,01-10-2020 20:20:39.998,0.04,2.51,17.81
LINE3,01-10-2020 20:21:39.998,0.04,2.51,17.79
LINE3,01-10-2020 20:22:39.999,0.04,2.48,17.74
LINE3,01-10-2020 20:23:39.999,0.04,2.51,17.64
LINE3,01-10-2020 20:24:39.998,0.04,2.48,17.58
LINE3,01-10-2020 20:25:39.999,0.04,2.52,17.59
LINE3,01-10-2020 20:26:39.999,0.04,2.52,17.64
LINE3,01-10-2020 20:27:39.999,0.04,2.53,17.52
LINE3,01-10-2020 20:28:39.999,0.04,2.49,17.53
LINE3,01-10-2020 20:29:39.998,0.04,2.5,17.53
LINE3,01-10-2020 20:30:39.999,0.04,2.52,17.54
LINE3,01-10-2020 20:31:39.998,0.04,2.48,17.52
LINE3,01-10-2020 20:32:39.999,0.04,2.52,17.53
LINE3,01-10-2020 20:33:39.999,0.04,2.5,17.43
LINE3,01-10-2020 20:34:39.999,0.04,2.51,17.53
LINE3,01-10-2020 20:35:39.999,0.04,2.51,17.52
LINE3,01-10-2020 20:36:39.999,0.04,2.49,17.36
LINE3,01-10-2020 20:37:39.998,0.04,2.48,17.43
LINE3,01-10-2020 20:38:39.998,0.04,2.46,17.42
LINE3,01-10-2020 20:39:39.998,0.04,2.49,17.35
LINE3,01-10-2020 20:40:39.999,0.04,2.52,17.3
LINE3,01-10-2020 20:41:40.000,0.04,2.52,17.21
LINE3,01-10-2020 20:42:39.998,0.04,2.5,17.2
LINE3,01-10-2020 20:43:39.999,0.04,2.51,17.31
LINE3,01-10-2020 20:44:39.998,0.04,2.5,17.19
LINE3,01-10-2020 20:45:39.999,0.04,2.48,17.32
LINE3,01-10-2020 20:46:39.999,0.04,2.51,17.32
LINE3,01-10-2020 20:47:39.998,0.04,2.5,17.37
LINE3,01-10-2020 20:48:40.000,0.04,2.51,17.43
LINE3,01-10-2020 20:49:39.998,0.04,2.51,17.37
LINE3,01-10-2020 20:50:39.999,0.04,2.51,17.53
LINE3,01-10-2020 20:51:39.999,0.04,2.51,17.52
LINE3,01-10-2020 20:52:39.999,0.04,2.5,17.52
LINE3,01-10-2020 20:53:39.999,0.04,2.49,17.53
LINE3,01-10-2020 20:54:39.998,0.04,2.51,17.59
LINE3,01-10-2020 20:55:39.999,0.04,2.5,17.61
LINE3,01-10-2020 20:56:39.998,0.04,2.49,17.63
LINE3,01-10-2020 20:57:39.998,0.04,2.49,17.74
LINE3,01-10-2020 20:58:39.998,0.04,2.51,17.76
LINE3,01-10-2020 20:59:39.998,0.04,2.52,17.77
LINE3,01-10-2020 21:00:39.998,0.04,2.5,17.75
LINE3,01-10-2020 21:01:39.999,0.04,2.48,17.8
LINE3,01-10-2020 21:02:39.998,0.04,2.49,17.86
LINE3,01-10-2020 21:03:39.999,0.04,2.5,17.99
LINE3,01-10-2020 21:04:40.000,0.04,2.51,17.99
LINE3,01-10-2020 21:05:39.998,0.04,2.49,17.99
LINE3,01-10-2020 21:06:39.998,0.04,2.51,17.97
LINE3,01-10-2020 21:07:39.999,0.04,2.51,18.04
LINE3,01-10-2020 21:08:39.999,0.04,2.48,18.05
LINE3,01-10-2020 21:09:39.998,0.04,2.5,18.08
LINE3,01-10-2020 21:10:39.999,0.04,2.49,18.19
LINE3,01-10-2020 21:11:39.999,0.04,2.5,18.19
LINE3,01-10-2020 21:12:39.999,0.04,2.47,18.23
LINE3,01-10-2020 21:13:39.999,0.04,2.52,18.26
LINE3,01-10-2020 21:14:39.999,0.04,2.52,18.31
LINE3,01-10-2020 21:15:39.998,0.04,2.51,18.31
LINE3,01-10-2020 21:16:39.999,0.04,2.52,18.43
LINE3,01-10-2020 21:17:39.999,0.04,2.5,18.42
LINE3,01-10-2020 21:18:40.013,0.04,2.51,18.42
LINE3,01-10-2020 21:19:40.014,0.04,2.51,18.43
LINE3,01-10-2020 21:20:40.015,0.04,2.47,18.46
LINE3,01-10-2020 21:21:40.015,0.05,2.5,18.54
LINE3,01-10-2020 21:22:40.013,0.05,2.51,18.53
LINE3,01-10-2020 21:23:40.014,0.05,2.5,18.62
LINE3,01-10-2020 21:24:40.013,0.05,2.48,18.64
LINE3,01-10-2020 21:25:40.014,0.05,2.47,18.62
LINE3,01-10-2020 21:26:40.014,0.05,2.51,18.63
LINE3,01-10-2020 21:27:40.015,0.05,2.49,18.64
LINE3,01-10-2020 21:28:40.015,0.05,2.54,18.63
LINE3,01-10-2020 21:29:40.014,0.05,2.5,18.64
LINE3,01-10-2020 21:30:40.015,0.05,2.51,18.63
LINE3,01-10-2020 21:31:40.013,0.05,2.5,18.62
LINE3,01-10-2020 21:32:40.014,0.05,2.49,18.62
LINE3,01-10-2020 21:33:40.014,0.05,2.51,18.63
LINE3,01-10-2020 21:34:40.014,0.05,2.47,18.64
LINE3,01-10-2020 21:35:40.014,0.05,2.5,18.62
LINE3,01-10-2020 21:36:40.041,0.05,2.49,18.64
LINE3,01-10-2020 21:37:40.015,0.05,2.51,18.62
LINE3,01-10-2020 21:38:40.013,0.05,2.49,18.62
LINE3,01-10-2020 21:39:40.015,0.05,2.48,18.64
LINE3,01-10-2020 21:40:40.014,0.05,2.5,18.62
LINE3,01-10-2020 21:41:40.015,0.05,2.5,18.65
LINE3,01-10-2020 21:42:40.014,0.05,2.51,18.63
LINE3,01-10-2020 21:43:40.014,0.05,2.51,18.64
LINE3,01-10-2020 21:44:40.014,0.05,2.51,18.64
LINE3,01-10-2020 21:45:40.014,0.05,2.49,18.59
LINE3,01-10-2020 21:46:40.014,0.05,2.51,18.62
LINE3,01-10-2020 21:47:40.013,0.05,2.51,18.53
LINE3,01-10-2020 21:48:40.014,0.05,2.5,18.52
LINE3,01-10-2020 21:49:40.015,0.05,2.51,18.53
LINE3,01-10-2020 21:50:40.015,0.05,2.48,18.53
LINE3,01-10-2020 21:51:40.015,0.05,2.51,18.52
LINE3,01-10-2020 21:52:40.014,0.05,2.54,18.46
LINE3,01-10-2020 21:53:40.015,0.05,2.51,18.4
LINE3,01-10-2020 21:54:40.013,0.05,2.51,18.4
LINE3,01-10-2020 21:55:40.015,0.05,2.5,18.42
LINE3,01-10-2020 21:56:40.014,0.05,2.51,18.4
LINE3,01-10-2020 21:57:40.015,0.05,2.51,18.43
LINE3,01-10-2020 21:58:40.014,0.05,2.54,18.41
LINE3,01-10-2020 21:59:40.014,0.05,2.49,18.33
LINE3,01-10-2020 22:00:40.015,0.05,2.51,18.27
LINE3,01-10-2020 22:01:40.014,0.05,2.5,18.24
LINE3,01-10-2020 22:02:40.015,0.05,2.46,18.3
LINE3,01-10-2020 22:03:40.015,0.05,2.51,18.2
LINE3,01-10-2020 22:04:40.014,0.05,2.51,18.21
LINE3,01-10-2020 22:05:40.014,0.05,2.53,18.2
LINE3,01-10-2020 22:06:40.015,0.05,2.49,18.19
LINE3,01-10-2020 22:07:40.014,0.05,2.5,18.2
LINE3,01-10-2020 22:08:40.013,0.05,2.49,18.2
LINE3,01-10-2020 22:09:40.015,0.05,2.48,18.11
LINE3,01-10-2020 22:10:40.013,0.05,2.51,18.09
LINE3,01-10-2020 22:11:40.014,0.05,2.49,18.08
LINE3,01-10-2020 22:12:40.014,0.05,2.52,18.03
LINE3,01-10-2020 22:13:40.015,0.05,2.51,18.04
LINE3,01-10-2020 22:14:40.015,0.05,2.51,18.05
LINE3,01-10-2020 22:15:40.014,0.05,2.48,18.04
LINE3,01-10-2020 22:16:40.014,0.05,2.48,17.99
LINE3,01-10-2020 22:17:40.013,0.05,2.49,17.97
LINE3,01-10-2020 22:18:40.015,0.05,2.49,17.99
LINE3,01-10-2020 22:19:40.013,0.05,2.51,17.99
LINE3,01-10-2020 22:20:40.014,0.05,2.5,17.99
LINE3,01-10-2020 22:21:40.014,0.05,2.5,17.79
LINE3,01-10-2020 22:22:40.014,0.05,2.49,17.86
LINE3,01-10-2020 22:23:40.014,0.05,2.49,17.85
LINE3,01-10-2020 22:24:40.013,0.05,2.51,17.82
LINE3,01-10-2020 22:25:40.014,0.05,2.51,17.75
LINE3,01-10-2020 22:26:40.014,0.05,2.51,17.76
LINE3,01-10-2020 22:27:40.015,0.05,2.51,17.74
LINE3,01-10-2020 22:28:40.016,0.05,2.51,17.75
LINE3,01-10-2020 22:29:40.015,0.05,2.47,17.73
LINE3,01-10-2020 22:30:40.015,0.05,2.5,17.65
LINE3,01-10-2020 22:31:40.014,0.05,2.51,17.64
LINE3,01-10-2020 22:32:40.015,0.05,2.49,17.64
LINE3,01-10-2020 22:33:40.013,0.05,2.51,17.59
LINE3,01-10-2020 22:34:40.015,0.05,2.48,17.55
LINE3,01-10-2020 22:35:40.014,0.04,2.46,17.55
LINE3,01-10-2020 22:36:40.015,0.04,2.48,17.53
LINE3,01-10-2020 22:37:40.014,0.04,2.48,17.54
LINE3,01-10-2020 22:38:40.014,0.04,2.52,17.52
LINE3,01-10-2020 22:39:40.014,0.04,2.51,17.44
LINE3,01-10-2020 22:40:40.014,0.04,2.51,17.43
LINE3,01-10-2020 22:41:40.014,0.04,2.52,17.42
LINE3,01-10-2020 22:42:40.014,0.04,2.48,17.37
LINE3,01-10-2020 22:43:40.014,0.04,2.52,17.37
LINE3,01-10-2020 22:44:40.015,0.04,2.45,17.37
LINE3,01-10-2020 22:45:40.014,0.04,2.48,17.3
LINE3,01-10-2020 22:46:40.014,0.04,2.49,17.3
LINE3,01-10-2020 22:47:40.013,0.04,2.52,17.26
LINE3,01-10-2020 22:48:40.015,0.04,2.5,17.19
LINE3,01-10-2020 22:49:40.013,0.04,2.52,17.28
LINE3,01-10-2020 22:50:40.014,0.04,2.47,17.31
LINE3,01-10-2020 22:51:40.014,0.04,2.47,17.37
LINE3,01-10-2020 22:52:40.015,0.04,2.51,17.42
LINE3,01-10-2020 22:53:40.015,0.04,2.51,17.35
LINE3,01-10-2020 22:54:40.013,0.04,2.51,17.53
LINE3,01-10-2020 22:55:40.015,0.04,2.51,17.53
LINE3,01-10-2020 22:56:40.013,0.04,2.49,17.53
LINE3,01-10-2020 22:57:40.014,0.04,2.54,17.53
LINE3,01-10-2020 22:58:40.013,0.04,2.51,17.57
LINE3,01-10-2020 22:59:40.015,0.04,2.51,17.59
LINE3,01-10-2020 23:00:40.014,0.05,2.51,17.64
LINE3,01-10-2020 23:01:40.014,0.05,2.51,17.74
LINE3,01-10-2020 23:02:40.014,0.05,2.53,17.75
LINE3,01-10-2020 23:03:40.013,0.05,2.47,17.74
LINE3,01-10-2020 23:04:40.015,0.05,2.49,17.76
LINE3,01-10-2020 23:05:40.013,0.05,2.48,17.85
LINE3,01-10-2020 23:06:40.014,0.05,2.51,17.86
LINE3,01-10-2020 23:07:40.015,0.05,2.53,17.98
LINE3,01-10-2020 23:08:40.015,0.05,2.49,17.99
LINE3,01-10-2020 23:09:40.015,0.05,2.51,17.99
LINE3,01-10-2020 23:10:40.013,0.05,2.46,18.03
LINE3,01-10-2020 23:11:40.015,0.05,2.51,18.05
LINE3,01-10-2020 23:12:40.013,0.05,2.46,18.1
LINE3,01-10-2020 23:13:40.015,0.05,2.5,18.21
LINE3,01-10-2020 23:14:40.014,0.05,2.5,18.19
LINE3,01-10-2020 23:15:40.014,0.05,2.5,18.19
LINE3,01-10-2020 23:16:40.014,0.05,2.52,18.26
LINE3,01-10-2020 23:17:40.015,0.05,2.48,18.24
LINE3,01-10-2020 23:18:40.015,0.05,2.5,18.31
LINE3,01-10-2020 23:19:40.014,0.05,2.5,18.31
LINE3,01-10-2020 23:20:40.014,0.05,2.5,18.43
LINE3,01-10-2020 23:21:40.013,0.05,2.48,18.43
LINE3,01-10-2020 23:22:40.015,0.05,2.51,18.42
LINE3,01-10-2020 23:23:40.014,0.05,2.52,18.41
LINE3,01-10-2020 23:24:40.015,0.05,2.48,18.46
LINE3,01-10-2020 23:25:40.014,0.05,2.5,18.52
LINE3,01-10-2020 23:26:40.014,0.05,2.48,18.62
LINE3,01-10-2020 23:27:40.014,0.05,2.49,18.64
LINE3,01-10-2020 23:28:40.014,0.05,2.51,18.64
LINE3,01-10-2020 23:29:40.015,0.05,2.51,18.63
LINE3,01-10-2020 23:30:40.014,0.05,2.51,18.64
LINE3,01-10-2020 23:31:40.014,0.05,2.49,18.64
LINE3,01-10-2020 23:32:40.015,0.05,2.54,18.67
LINE3,01-10-2020 23:33:40.014,0.05,2.51,18.69
LINE3,01-10-2020 23:34:40.014,0.05,2.48,18.64
LINE3,01-10-2020 23:35:40.014,0.05,2.49,18.67
LINE3,01-10-2020 23:36:40.015,0.05,2.51,18.62
LINE3,01-10-2020 23:37:40.014,0.05,2.51,18.64
LINE3,01-10-2020 23:38:40.015,0.05,2.48,18.67
LINE3,01-10-2020 23:39:40.014,0.05,2.51,18.64
LINE3,01-10-2020 23:40:40.014,0.05,2.46,18.68
LINE3,01-10-2020 23:41:40.014,0.05,2.52,18.69
LINE3,01-10-2020 23:42:40.013,0.05,2.5,18.67
LINE3,01-10-2020 23:43:40.014,0.05,2.51,18.66
LINE3,01-10-2020 23:44:40.013,0.05,2.51,18.62
LINE3,01-10-2020 23:45:40.014,0.05,2.54,18.65
LINE3,01-10-2020 23:46:40.015,0.05,2.51,18.64
LINE3,01-10-2020 23:47:40.014,0.05,2.48,18.62
LINE3,01-10-2020 23:48:40.015,0.05,2.52,18.64
LINE3,01-10-2020 23:49:40.013,0.05,2.51,18.63
LINE3,01-10-2020 23:50:40.015,0.05,2.51,18.64
LINE3,01-10-2020 23:51:40.013,0.05,2.51,18.64
LINE3,01-10-2020 23:52:40.015,0.05,2.5,18.65
LINE3,01-10-2020 23:53:40.013,0.05,2.51,18.64
LINE3,01-10-2020 23:54:40.015,0.05,2.48,18.52
LINE3,01-10-2020 23:55:40.014,0.05,2.51,18.53
LINE3,01-10-2020 23:56:40.014,0.05,2.48,18.54
LINE3,01-10-2020 23:57:40.015,0.05,2.53,18.46
LINE3,01-10-2020 23:58:40.013,0.05,2.48,18.51
LINE3,01-10-2020 23:59:40.014,0.05,2.5,18.41
